-- Proposal-driven exhaustive taxonomy v2.1 alignment
-- Generated by scripts/taxonomy_v21_build.py from docs/taxonomy/trustcare_taxonomy_v2_1_proposal.json

BEGIN;

-- Upsert canonical entities used by DB-facing taxonomy search paths.
INSERT INTO public.taxonomy_entities (id, entity_type, default_name, icon_key, sort_priority)
VALUES
    ('FAC_AESTHETIC_COSMETIC_CLINIC', 'facility', 'Aesthetic / Cosmetic Clinic', NULL, 0),
    ('FAC_CLINIC_MEDICAL_CENTER', 'facility', 'Clinic / Medical Center', NULL, 1),
    ('FAC_DENTAL_CLINIC', 'facility', 'Dental Clinic', NULL, 2),
    ('FAC_DIALYSIS_CENTER', 'facility', 'Dialysis Center', NULL, 3),
    ('FAC_EYE_CLINIC', 'facility', 'Eye Clinic', NULL, 4),
    ('FAC_FERTILITY_IVF_CLINIC', 'facility', 'Fertility / IVF Clinic', NULL, 5),
    ('FAC_HOSPITAL_GENERAL', 'facility', 'Hospital (General)', NULL, 6),
    ('FAC_IMAGING_DIAGNOSTIC_CENTER', 'facility', 'Imaging / Diagnostic Center', NULL, 7),
    ('FAC_LABORATORY', 'facility', 'Laboratory / Blood Tests', NULL, 8),
    ('FAC_MATERNITY_WOMENS_HEALTH_CLINIC', 'facility', 'Maternity / Women’s Health Clinic', NULL, 9),
    ('FAC_MENTAL_HEALTH_CLINIC', 'facility', 'Mental Health Clinic', NULL, 10),
    ('FAC_ONCOLOGY_CENTER', 'facility', 'Oncology Center', NULL, 11),
    ('FAC_PEDIATRIC_CLINIC', 'facility', 'Pediatric Clinic', NULL, 12),
    ('FAC_PHARMACY', 'facility', 'Pharmacy', NULL, 13),
    ('FAC_REHABILITATION_PHYSIOTHERAPY_CENTER', 'facility', 'Rehabilitation / Physiotherapy Center', NULL, 14),
    ('FAC_SPECIALTY_CLINIC', 'facility', 'Specialty Clinic', NULL, 15),
    ('FAC_SURGERY_CENTER_DAY_SURGERY', 'facility', 'Surgery Center / Day Surgery Center', NULL, 16),
    ('FAC_TELEHEALTH_VIRTUAL_CARE', 'facility', 'Telehealth / Virtual Care', NULL, 17),
    ('FAC_URGENT_CARE', 'facility', 'Urgent Care / Walk-in Clinic', NULL, 18),
    ('SPEC_ADDICTION_MEDICINE', 'specialty', 'Addiction Medicine', NULL, 19),
    ('SPEC_AESTHETIC_MEDICINE', 'specialty', 'Aesthetic Medicine', NULL, 20),
    ('SPEC_ALLERGY_IMMUNOLOGY', 'specialty', 'Allergy & Immunology', NULL, 21),
    ('SPEC_ANDROLOGY', 'specialty', 'Andrology', NULL, 22),
    ('SPEC_ANESTHESIOLOGY', 'specialty', 'Anesthesiology', NULL, 23),
    ('SPEC_AUDIOLOGY', 'specialty', 'Audiology', NULL, 24),
    ('SPEC_BARIATRIC_SURGERY', 'specialty', 'Bariatric Surgery', NULL, 25),
    ('SPEC_BREAST_SURGERY', 'specialty', 'Breast Surgery', NULL, 26),
    ('SPEC_CARDIOLOGY', 'specialty', 'Cardiology', NULL, 27),
    ('SPEC_CARDIOVASCULAR_SURGERY', 'specialty', 'Cardiovascular Surgery', NULL, 28),
    ('SPEC_CHILD_ADOLESCENT_PSYCHIATRY', 'specialty', 'Child & Adolescent Psychiatry', NULL, 29),
    ('SPEC_CHIROPRACTIC', 'specialty', 'Chiropractic', NULL, 30),
    ('SPEC_CLINICAL_GENETICS', 'specialty', 'Clinical Genetics', NULL, 31),
    ('SPEC_COLORECTAL_SURGERY', 'specialty', 'Colorectal Surgery', NULL, 32),
    ('SPEC_CRITICAL_CARE_INTENSIVE_CARE', 'specialty', 'Critical Care / Intensive Care', NULL, 33),
    ('SPEC_DENTISTRY_GENERAL', 'specialty', 'General Dentistry', NULL, 34),
    ('SPEC_DERMATOLOGY', 'specialty', 'Dermatology', NULL, 35),
    ('SPEC_EMERGENCY_MEDICINE', 'specialty', 'Emergency Medicine', NULL, 36),
    ('SPEC_ENDOCRINOLOGY', 'specialty', 'Endocrinology', NULL, 37),
    ('SPEC_ENDODONTICS', 'specialty', 'Endodontics', NULL, 38),
    ('SPEC_ENT', 'specialty', 'ENT / Otolaryngology', NULL, 39),
    ('SPEC_FAMILY_MEDICINE', 'specialty', 'Family Medicine', NULL, 40),
    ('SPEC_GASTROENTEROLOGY', 'specialty', 'Gastroenterology', NULL, 41),
    ('SPEC_GENERAL_PRACTICE', 'specialty', 'General Practice', NULL, 42),
    ('SPEC_GENERAL_SURGERY', 'specialty', 'General Surgery', NULL, 43),
    ('SPEC_GENETICS_GENOMICS', 'specialty', 'Genetics & Genomics', NULL, 44),
    ('SPEC_GERIATRICS', 'specialty', 'Geriatrics', NULL, 45),
    ('SPEC_GERIATRIC_PSYCHIATRY', 'specialty', 'Geriatric Psychiatry', NULL, 46),
    ('SPEC_HEAD_NECK_SURGERY', 'specialty', 'Head & Neck Surgery', NULL, 47),
    ('SPEC_HEMATOLOGY', 'specialty', 'Hematology', NULL, 48),
    ('SPEC_HEPATOLOGY', 'specialty', 'Hepatology', NULL, 49),
    ('SPEC_INFECTIOUS_DISEASE', 'specialty', 'Infectious Disease', NULL, 50),
    ('SPEC_INTERNAL_MEDICINE', 'specialty', 'Internal Medicine', NULL, 51),
    ('SPEC_INTERVENTIONAL_RADIOLOGY', 'specialty', 'Interventional Radiology', NULL, 52),
    ('SPEC_MATERNAL_FETAL_MEDICINE', 'specialty', 'Maternal-Fetal Medicine', NULL, 53),
    ('SPEC_NEONATOLOGY', 'specialty', 'Neonatology', NULL, 54),
    ('SPEC_NEPHROLOGY', 'specialty', 'Nephrology', NULL, 55),
    ('SPEC_NEUROLOGY', 'specialty', 'Neurology', NULL, 56),
    ('SPEC_NEUROPSYCHOLOGY', 'specialty', 'Neuropsychology', NULL, 57),
    ('SPEC_NEUROSURGERY', 'specialty', 'Neurosurgery', NULL, 58),
    ('SPEC_NUCLEAR_MEDICINE', 'specialty', 'Nuclear Medicine', NULL, 59),
    ('SPEC_NUTRITION_DIETETICS', 'specialty', 'Nutrition & Dietetics', NULL, 60),
    ('SPEC_OBGYN', 'specialty', 'Obstetrics & Gynecology', NULL, 61),
    ('SPEC_OCCUPATIONAL_THERAPY', 'specialty', 'Occupational Therapy', NULL, 62),
    ('SPEC_ONCOLOGY', 'specialty', 'Oncology', NULL, 63),
    ('SPEC_OPHTHALMOLOGY', 'specialty', 'Ophthalmology', NULL, 64),
    ('SPEC_OPTOMETRY', 'specialty', 'Optometry', NULL, 65),
    ('SPEC_ORAL_MAXILLOFACIAL_SURGERY', 'specialty', 'Oral & Maxillofacial Surgery', NULL, 66),
    ('SPEC_ORAL_SURGERY', 'specialty', 'Oral Surgery', NULL, 67),
    ('SPEC_ORTHODONTICS', 'specialty', 'Orthodontics', NULL, 68),
    ('SPEC_ORTHOPEDIC_SURGERY', 'specialty', 'Orthopedic Surgery', NULL, 69),
    ('SPEC_OSTEOPATHY', 'specialty', 'Osteopathy', NULL, 70),
    ('SPEC_PAIN_MANAGEMENT', 'specialty', 'Pain Management', NULL, 71),
    ('SPEC_PALLIATIVE_CARE', 'specialty', 'Palliative Care', NULL, 72),
    ('SPEC_PATHOLOGY', 'specialty', 'Pathology', NULL, 73),
    ('SPEC_PEDIATRICS', 'specialty', 'Pediatrics', NULL, 74),
    ('SPEC_PEDIATRIC_DENTISTRY', 'specialty', 'Pediatric Dentistry', NULL, 75),
    ('SPEC_PEDIATRIC_OPHTHALMOLOGY', 'specialty', 'Pediatric Ophthalmology', NULL, 76),
    ('SPEC_PEDIATRIC_SURGERY', 'specialty', 'Pediatric Surgery', NULL, 77),
    ('SPEC_PEDIATRIC_UROLOGY', 'specialty', 'Pediatric Urology', NULL, 78),
    ('SPEC_PERIODONTICS', 'specialty', 'Periodontics', NULL, 79),
    ('SPEC_PHYSICAL_MEDICINE_REHAB', 'specialty', 'Physical Medicine & Rehab', NULL, 80),
    ('SPEC_PHYSIOTHERAPY', 'specialty', 'Physical Therapy / Physiotherapy', NULL, 81),
    ('SPEC_PLASTIC_RECONSTRUCTIVE_SURGERY', 'specialty', 'Plastic & Reconstructive Surgery', NULL, 82),
    ('SPEC_PODIATRY', 'specialty', 'Podiatry', NULL, 83),
    ('SPEC_PROSTHODONTICS', 'specialty', 'Prosthodontics', NULL, 84),
    ('SPEC_PSYCHIATRY', 'specialty', 'Psychiatry', NULL, 85),
    ('SPEC_PSYCHOLOGY_THERAPY', 'specialty', 'Psychology / Therapy', NULL, 86),
    ('SPEC_PULMONOLOGY', 'specialty', 'Pulmonology', NULL, 87),
    ('SPEC_RADIOLOGY', 'specialty', 'Radiology', NULL, 88),
    ('SPEC_REPRODUCTIVE_ENDOCRINOLOGY_IVF', 'specialty', 'Reproductive Endocrinology / IVF', NULL, 89),
    ('SPEC_RETINA_SPECIALIST', 'specialty', 'Retina Specialist', NULL, 90),
    ('SPEC_RHEUMATOLOGY', 'specialty', 'Rheumatology', NULL, 91),
    ('SPEC_RHINOLOGY', 'specialty', 'Rhinology', NULL, 92),
    ('SPEC_SLEEP_MEDICINE', 'specialty', 'Sleep Medicine', NULL, 93),
    ('SPEC_SPEECH_THERAPY', 'specialty', 'Speech Therapy', NULL, 94),
    ('SPEC_SPORTS_MEDICINE', 'specialty', 'Sports Medicine', NULL, 95),
    ('SPEC_THORACIC_SURGERY', 'specialty', 'Thoracic Surgery', NULL, 96),
    ('SPEC_TRANSPLANT_SURGERY', 'specialty', 'Transplant Surgery', NULL, 97),
    ('SPEC_TRAUMA_SURGERY', 'specialty', 'Trauma Surgery', NULL, 98),
    ('SPEC_UROGYNECOLOGY', 'specialty', 'Urogynecology', NULL, 99),
    ('SPEC_UROLOGY', 'specialty', 'Urology', NULL, 100),
    ('SPEC_VASCULAR_SURGERY', 'specialty', 'Vascular Surgery', NULL, 101),
    ('SPEC_WOUND_CARE', 'specialty', 'Wound Care', NULL, 102),
    ('SERV_ACUPUNCTURE', 'service', 'Acupuncture', NULL, 103),
    ('SERV_ALLERGY_TESTING', 'service', 'Allergy Testing', NULL, 104),
    ('SERV_BARIATRIC_SURGERY', 'service', 'Bariatric Surgery', NULL, 105),
    ('SERV_BLOOD_TESTS_LAB_WORK', 'service', 'Blood Tests / Lab Work', NULL, 106),
    ('SERV_BOTOX_FILLERS', 'service', 'Botox & Fillers', NULL, 107),
    ('SERV_BREAST_AUGMENTATION_REDUCTION', 'service', 'Breast Augmentation / Reduction', NULL, 108),
    ('SERV_CATARACT_SURGERY', 'service', 'Cataract Surgery', NULL, 109),
    ('SERV_CHEMICAL_PEEL_MICRONEEDLING', 'service', 'Chemical Peels & Microneedling', NULL, 110),
    ('SERV_CHEMOTHERAPY', 'service', 'Chemotherapy', NULL, 111),
    ('SERV_CLEAR_ALIGNERS_ORTHODONTICS', 'service', 'Orthodontics / Clear Aligners', NULL, 112),
    ('SERV_COLOSCOPY', 'service', 'Colonoscopy', NULL, 113),
    ('SERV_COSMETIC_DENTISTRY', 'service', 'Cosmetic Dentistry', NULL, 114),
    ('SERV_CT_SCAN', 'service', 'CT Scan', NULL, 115),
    ('SERV_DENTAL_IMPLANTS', 'service', 'Dental Implants', NULL, 116),
    ('SERV_DIALYSIS', 'service', 'Dialysis', NULL, 117),
    ('SERV_ENDOSCOPY', 'service', 'Endoscopy', NULL, 118),
    ('SERV_EYELID_SURGERY', 'service', 'Eyelid Surgery', NULL, 119),
    ('SERV_FACELIFT_NECKLIFT', 'service', 'Facelift & Neck Lift', NULL, 120),
    ('SERV_FERTILITY_TREATMENT_IVF', 'service', 'Fertility Treatment / IVF', NULL, 121),
    ('SERV_HAIR_TRANSPLANT', 'service', 'Hair Transplant', NULL, 122),
    ('SERV_HEALTH_CHECKUP_PREVENTIVE_SCREENING', 'service', 'Health Check-up / Preventive Screening', NULL, 123),
    ('SERV_HIP_REPLACEMENT', 'service', 'Hip Replacement', NULL, 124),
    ('SERV_HOMEOPATHY', 'service', 'Homeopathy', NULL, 125),
    ('SERV_KNEE_REPLACEMENT', 'service', 'Knee Replacement', NULL, 126),
    ('SERV_LASER_TREATMENTS', 'service', 'Laser Treatments', NULL, 127),
    ('SERV_LASIK_REFRACTIVE', 'service', 'LASIK / Refractive Surgery', NULL, 128),
    ('SERV_LIPOSUCTION_BODY_CONTOURING', 'service', 'Liposuction & Body Contouring', NULL, 129),
    ('SERV_LIP_ENHANCEMENT', 'service', 'Lip Enhancement', NULL, 130),
    ('SERV_MAMMOGRAPHY', 'service', 'Mammography', NULL, 131),
    ('SERV_MRI', 'service', 'MRI', NULL, 132),
    ('SERV_NATUROPATHY', 'service', 'Naturopathy', NULL, 133),
    ('SERV_PRP_SKIN_REJUVENATION', 'service', 'Skin Rejuvenation / PRP', NULL, 134),
    ('SERV_PSYCHOTHERAPY_COUNSELING', 'service', 'Psychotherapy / Counseling', NULL, 135),
    ('SERV_RADIOTHERAPY', 'service', 'Radiotherapy', NULL, 136),
    ('SERV_REHABILITATION_PHYSIOTHERAPY', 'service', 'Rehabilitation / Physiotherapy', NULL, 137),
    ('SERV_RHINOPLASTY', 'service', 'Rhinoplasty', NULL, 138),
    ('SERV_ROOT_CANAL_TREATMENT', 'service', 'Root Canal Treatment', NULL, 139),
    ('SERV_SKIN_CANCER_SCREENING', 'service', 'Skin Cancer Screening', NULL, 140),
    ('SERV_SMILE_DESIGN', 'service', 'Dental Aesthetics (Smile Design)', NULL, 141),
    ('SERV_TATTOO_REMOVAL', 'service', 'Tattoo Removal', NULL, 142),
    ('SERV_TCM', 'service', 'Traditional Chinese Medicine', NULL, 143),
    ('SERV_TEETH_WHITENING', 'service', 'Teeth Whitening', NULL, 144),
    ('SERV_TUMMY_TUCK', 'service', 'Tummy Tuck', NULL, 145),
    ('SERV_ULTRASOUND', 'service', 'Ultrasound', NULL, 146),
    ('SERV_VACCINATION_IMMUNIZATION', 'service', 'Vaccination / Immunization', NULL, 147),
    ('SERV_VARICOSE_VEIN_TREATMENT', 'service', 'Varicose Vein Treatment', NULL, 148),
    ('SERV_XRAY', 'service', 'X-ray', NULL, 149)
ON CONFLICT (id) DO UPDATE
SET
    entity_type = EXCLUDED.entity_type,
    default_name = EXCLUDED.default_name,
    icon_key = EXCLUDED.icon_key,
    sort_priority = EXCLUDED.sort_priority,
    updated_at = now();

INSERT INTO public.taxonomy_labels (entity_id, locale, label, short_label)
VALUES
    ('FAC_AESTHETIC_COSMETIC_CLINIC', 'en', 'Aesthetic / Cosmetic Clinic', NULL),
    ('FAC_CLINIC_MEDICAL_CENTER', 'en', 'Clinic / Medical Center', NULL),
    ('FAC_DENTAL_CLINIC', 'en', 'Dental Clinic', NULL),
    ('FAC_DIALYSIS_CENTER', 'en', 'Dialysis Center', NULL),
    ('FAC_EYE_CLINIC', 'en', 'Eye Clinic', NULL),
    ('FAC_FERTILITY_IVF_CLINIC', 'en', 'Fertility / IVF Clinic', NULL),
    ('FAC_HOSPITAL_GENERAL', 'en', 'Hospital (General)', NULL),
    ('FAC_IMAGING_DIAGNOSTIC_CENTER', 'en', 'Imaging / Diagnostic Center', NULL),
    ('FAC_LABORATORY', 'en', 'Laboratory / Blood Tests', NULL),
    ('FAC_MATERNITY_WOMENS_HEALTH_CLINIC', 'en', 'Maternity / Women’s Health Clinic', NULL),
    ('FAC_MENTAL_HEALTH_CLINIC', 'en', 'Mental Health Clinic', NULL),
    ('FAC_ONCOLOGY_CENTER', 'en', 'Oncology Center', NULL),
    ('FAC_PEDIATRIC_CLINIC', 'en', 'Pediatric Clinic', NULL),
    ('FAC_PHARMACY', 'en', 'Pharmacy', NULL),
    ('FAC_REHABILITATION_PHYSIOTHERAPY_CENTER', 'en', 'Rehabilitation / Physiotherapy Center', NULL),
    ('FAC_SPECIALTY_CLINIC', 'en', 'Specialty Clinic', NULL),
    ('FAC_SURGERY_CENTER_DAY_SURGERY', 'en', 'Surgery Center / Day Surgery Center', NULL),
    ('FAC_TELEHEALTH_VIRTUAL_CARE', 'en', 'Telehealth / Virtual Care', NULL),
    ('FAC_URGENT_CARE', 'en', 'Urgent Care / Walk-in Clinic', NULL),
    ('SPEC_ADDICTION_MEDICINE', 'en', 'Addiction Medicine', NULL),
    ('SPEC_AESTHETIC_MEDICINE', 'en', 'Aesthetic Medicine', NULL),
    ('SPEC_ALLERGY_IMMUNOLOGY', 'en', 'Allergy & Immunology', NULL),
    ('SPEC_ANDROLOGY', 'en', 'Andrology', NULL),
    ('SPEC_ANESTHESIOLOGY', 'en', 'Anesthesiology', NULL),
    ('SPEC_AUDIOLOGY', 'en', 'Audiology', NULL),
    ('SPEC_BARIATRIC_SURGERY', 'en', 'Bariatric Surgery', NULL),
    ('SPEC_BREAST_SURGERY', 'en', 'Breast Surgery', NULL),
    ('SPEC_CARDIOLOGY', 'en', 'Cardiology', NULL),
    ('SPEC_CARDIOVASCULAR_SURGERY', 'en', 'Cardiovascular Surgery', NULL),
    ('SPEC_CHILD_ADOLESCENT_PSYCHIATRY', 'en', 'Child & Adolescent Psychiatry', NULL),
    ('SPEC_CHIROPRACTIC', 'en', 'Chiropractic', NULL),
    ('SPEC_CLINICAL_GENETICS', 'en', 'Clinical Genetics', NULL),
    ('SPEC_COLORECTAL_SURGERY', 'en', 'Colorectal Surgery', NULL),
    ('SPEC_CRITICAL_CARE_INTENSIVE_CARE', 'en', 'Critical Care / Intensive Care', NULL),
    ('SPEC_DENTISTRY_GENERAL', 'en', 'General Dentistry', NULL),
    ('SPEC_DERMATOLOGY', 'en', 'Dermatology', NULL),
    ('SPEC_EMERGENCY_MEDICINE', 'en', 'Emergency Medicine', NULL),
    ('SPEC_ENDOCRINOLOGY', 'en', 'Endocrinology', NULL),
    ('SPEC_ENDODONTICS', 'en', 'Endodontics', NULL),
    ('SPEC_ENT', 'en', 'ENT / Otolaryngology', NULL),
    ('SPEC_FAMILY_MEDICINE', 'en', 'Family Medicine', NULL),
    ('SPEC_GASTROENTEROLOGY', 'en', 'Gastroenterology', NULL),
    ('SPEC_GENERAL_PRACTICE', 'en', 'General Practice', NULL),
    ('SPEC_GENERAL_SURGERY', 'en', 'General Surgery', NULL),
    ('SPEC_GENETICS_GENOMICS', 'en', 'Genetics & Genomics', NULL),
    ('SPEC_GERIATRICS', 'en', 'Geriatrics', NULL),
    ('SPEC_GERIATRIC_PSYCHIATRY', 'en', 'Geriatric Psychiatry', NULL),
    ('SPEC_HEAD_NECK_SURGERY', 'en', 'Head & Neck Surgery', NULL),
    ('SPEC_HEMATOLOGY', 'en', 'Hematology', NULL),
    ('SPEC_HEPATOLOGY', 'en', 'Hepatology', NULL),
    ('SPEC_INFECTIOUS_DISEASE', 'en', 'Infectious Disease', NULL),
    ('SPEC_INTERNAL_MEDICINE', 'en', 'Internal Medicine', NULL),
    ('SPEC_INTERVENTIONAL_RADIOLOGY', 'en', 'Interventional Radiology', NULL),
    ('SPEC_MATERNAL_FETAL_MEDICINE', 'en', 'Maternal-Fetal Medicine', NULL),
    ('SPEC_NEONATOLOGY', 'en', 'Neonatology', NULL),
    ('SPEC_NEPHROLOGY', 'en', 'Nephrology', NULL),
    ('SPEC_NEUROLOGY', 'en', 'Neurology', NULL),
    ('SPEC_NEUROPSYCHOLOGY', 'en', 'Neuropsychology', NULL),
    ('SPEC_NEUROSURGERY', 'en', 'Neurosurgery', NULL),
    ('SPEC_NUCLEAR_MEDICINE', 'en', 'Nuclear Medicine', NULL),
    ('SPEC_NUTRITION_DIETETICS', 'en', 'Nutrition & Dietetics', NULL),
    ('SPEC_OBGYN', 'en', 'Obstetrics & Gynecology', NULL),
    ('SPEC_OCCUPATIONAL_THERAPY', 'en', 'Occupational Therapy', NULL),
    ('SPEC_ONCOLOGY', 'en', 'Oncology', NULL),
    ('SPEC_OPHTHALMOLOGY', 'en', 'Ophthalmology', NULL),
    ('SPEC_OPTOMETRY', 'en', 'Optometry', NULL),
    ('SPEC_ORAL_MAXILLOFACIAL_SURGERY', 'en', 'Oral & Maxillofacial Surgery', NULL),
    ('SPEC_ORAL_SURGERY', 'en', 'Oral Surgery', NULL),
    ('SPEC_ORTHODONTICS', 'en', 'Orthodontics', NULL),
    ('SPEC_ORTHOPEDIC_SURGERY', 'en', 'Orthopedic Surgery', NULL),
    ('SPEC_OSTEOPATHY', 'en', 'Osteopathy', NULL),
    ('SPEC_PAIN_MANAGEMENT', 'en', 'Pain Management', NULL),
    ('SPEC_PALLIATIVE_CARE', 'en', 'Palliative Care', NULL),
    ('SPEC_PATHOLOGY', 'en', 'Pathology', NULL),
    ('SPEC_PEDIATRICS', 'en', 'Pediatrics', NULL),
    ('SPEC_PEDIATRIC_DENTISTRY', 'en', 'Pediatric Dentistry', NULL),
    ('SPEC_PEDIATRIC_OPHTHALMOLOGY', 'en', 'Pediatric Ophthalmology', NULL),
    ('SPEC_PEDIATRIC_SURGERY', 'en', 'Pediatric Surgery', NULL),
    ('SPEC_PEDIATRIC_UROLOGY', 'en', 'Pediatric Urology', NULL),
    ('SPEC_PERIODONTICS', 'en', 'Periodontics', NULL),
    ('SPEC_PHYSICAL_MEDICINE_REHAB', 'en', 'Physical Medicine & Rehab', NULL),
    ('SPEC_PHYSIOTHERAPY', 'en', 'Physical Therapy / Physiotherapy', NULL),
    ('SPEC_PLASTIC_RECONSTRUCTIVE_SURGERY', 'en', 'Plastic & Reconstructive Surgery', NULL),
    ('SPEC_PODIATRY', 'en', 'Podiatry', NULL),
    ('SPEC_PROSTHODONTICS', 'en', 'Prosthodontics', NULL),
    ('SPEC_PSYCHIATRY', 'en', 'Psychiatry', NULL),
    ('SPEC_PSYCHOLOGY_THERAPY', 'en', 'Psychology / Therapy', NULL),
    ('SPEC_PULMONOLOGY', 'en', 'Pulmonology', NULL),
    ('SPEC_RADIOLOGY', 'en', 'Radiology', NULL),
    ('SPEC_REPRODUCTIVE_ENDOCRINOLOGY_IVF', 'en', 'Reproductive Endocrinology / IVF', NULL),
    ('SPEC_RETINA_SPECIALIST', 'en', 'Retina Specialist', NULL),
    ('SPEC_RHEUMATOLOGY', 'en', 'Rheumatology', NULL),
    ('SPEC_RHINOLOGY', 'en', 'Rhinology', NULL),
    ('SPEC_SLEEP_MEDICINE', 'en', 'Sleep Medicine', NULL),
    ('SPEC_SPEECH_THERAPY', 'en', 'Speech Therapy', NULL),
    ('SPEC_SPORTS_MEDICINE', 'en', 'Sports Medicine', NULL),
    ('SPEC_THORACIC_SURGERY', 'en', 'Thoracic Surgery', NULL),
    ('SPEC_TRANSPLANT_SURGERY', 'en', 'Transplant Surgery', NULL),
    ('SPEC_TRAUMA_SURGERY', 'en', 'Trauma Surgery', NULL),
    ('SPEC_UROGYNECOLOGY', 'en', 'Urogynecology', NULL),
    ('SPEC_UROLOGY', 'en', 'Urology', NULL),
    ('SPEC_VASCULAR_SURGERY', 'en', 'Vascular Surgery', NULL),
    ('SPEC_WOUND_CARE', 'en', 'Wound Care', NULL),
    ('SERV_ACUPUNCTURE', 'en', 'Acupuncture', NULL),
    ('SERV_ALLERGY_TESTING', 'en', 'Allergy Testing', NULL),
    ('SERV_BARIATRIC_SURGERY', 'en', 'Bariatric Surgery', NULL),
    ('SERV_BLOOD_TESTS_LAB_WORK', 'en', 'Blood Tests / Lab Work', NULL),
    ('SERV_BOTOX_FILLERS', 'en', 'Botox & Fillers', NULL),
    ('SERV_BREAST_AUGMENTATION_REDUCTION', 'en', 'Breast Augmentation / Reduction', NULL),
    ('SERV_CATARACT_SURGERY', 'en', 'Cataract Surgery', NULL),
    ('SERV_CHEMICAL_PEEL_MICRONEEDLING', 'en', 'Chemical Peels & Microneedling', NULL),
    ('SERV_CHEMOTHERAPY', 'en', 'Chemotherapy', NULL),
    ('SERV_CLEAR_ALIGNERS_ORTHODONTICS', 'en', 'Orthodontics / Clear Aligners', NULL),
    ('SERV_COLOSCOPY', 'en', 'Colonoscopy', NULL),
    ('SERV_COSMETIC_DENTISTRY', 'en', 'Cosmetic Dentistry', NULL),
    ('SERV_CT_SCAN', 'en', 'CT Scan', NULL),
    ('SERV_DENTAL_IMPLANTS', 'en', 'Dental Implants', NULL),
    ('SERV_DIALYSIS', 'en', 'Dialysis', NULL),
    ('SERV_ENDOSCOPY', 'en', 'Endoscopy', NULL),
    ('SERV_EYELID_SURGERY', 'en', 'Eyelid Surgery', NULL),
    ('SERV_FACELIFT_NECKLIFT', 'en', 'Facelift & Neck Lift', NULL),
    ('SERV_FERTILITY_TREATMENT_IVF', 'en', 'Fertility Treatment / IVF', NULL),
    ('SERV_HAIR_TRANSPLANT', 'en', 'Hair Transplant', NULL),
    ('SERV_HEALTH_CHECKUP_PREVENTIVE_SCREENING', 'en', 'Health Check-up / Preventive Screening', NULL),
    ('SERV_HIP_REPLACEMENT', 'en', 'Hip Replacement', NULL),
    ('SERV_HOMEOPATHY', 'en', 'Homeopathy', NULL),
    ('SERV_KNEE_REPLACEMENT', 'en', 'Knee Replacement', NULL),
    ('SERV_LASER_TREATMENTS', 'en', 'Laser Treatments', NULL),
    ('SERV_LASIK_REFRACTIVE', 'en', 'LASIK / Refractive Surgery', NULL),
    ('SERV_LIPOSUCTION_BODY_CONTOURING', 'en', 'Liposuction & Body Contouring', NULL),
    ('SERV_LIP_ENHANCEMENT', 'en', 'Lip Enhancement', NULL),
    ('SERV_MAMMOGRAPHY', 'en', 'Mammography', NULL),
    ('SERV_MRI', 'en', 'MRI', NULL),
    ('SERV_NATUROPATHY', 'en', 'Naturopathy', NULL),
    ('SERV_PRP_SKIN_REJUVENATION', 'en', 'Skin Rejuvenation / PRP', NULL),
    ('SERV_PSYCHOTHERAPY_COUNSELING', 'en', 'Psychotherapy / Counseling', NULL),
    ('SERV_RADIOTHERAPY', 'en', 'Radiotherapy', NULL),
    ('SERV_REHABILITATION_PHYSIOTHERAPY', 'en', 'Rehabilitation / Physiotherapy', NULL),
    ('SERV_RHINOPLASTY', 'en', 'Rhinoplasty', NULL),
    ('SERV_ROOT_CANAL_TREATMENT', 'en', 'Root Canal Treatment', NULL),
    ('SERV_SKIN_CANCER_SCREENING', 'en', 'Skin Cancer Screening', NULL),
    ('SERV_SMILE_DESIGN', 'en', 'Dental Aesthetics (Smile Design)', NULL),
    ('SERV_TATTOO_REMOVAL', 'en', 'Tattoo Removal', NULL),
    ('SERV_TCM', 'en', 'Traditional Chinese Medicine', NULL),
    ('SERV_TEETH_WHITENING', 'en', 'Teeth Whitening', NULL),
    ('SERV_TUMMY_TUCK', 'en', 'Tummy Tuck', NULL),
    ('SERV_ULTRASOUND', 'en', 'Ultrasound', NULL),
    ('SERV_VACCINATION_IMMUNIZATION', 'en', 'Vaccination / Immunization', NULL),
    ('SERV_VARICOSE_VEIN_TREATMENT', 'en', 'Varicose Vein Treatment', NULL),
    ('SERV_XRAY', 'en', 'X-ray', NULL)
ON CONFLICT (entity_id, locale) DO UPDATE
SET
    label = EXCLUDED.label,
    short_label = EXCLUDED.short_label,
    updated_at = now();

INSERT INTO public.taxonomy_v21_entities (canonical_id, entity_type, display_english_label, launch_scope)
VALUES
    ('FAC_AESTHETIC_COSMETIC_CLINIC', 'facility_type', 'Aesthetic / Cosmetic Clinic', 'v2_1_core'),
    ('FAC_CLINIC_MEDICAL_CENTER', 'facility_type', 'Clinic / Medical Center', 'v2_1_core'),
    ('FAC_DENTAL_CLINIC', 'facility_type', 'Dental Clinic', 'v2_1_core'),
    ('FAC_DIALYSIS_CENTER', 'facility_type', 'Dialysis Center', 'v2_1_core'),
    ('FAC_EYE_CLINIC', 'facility_type', 'Eye Clinic', 'v2_1_core'),
    ('FAC_FERTILITY_IVF_CLINIC', 'facility_type', 'Fertility / IVF Clinic', 'v2_1_core'),
    ('FAC_HOSPITAL_GENERAL', 'facility_type', 'Hospital (General)', 'v2_1_core'),
    ('FAC_IMAGING_DIAGNOSTIC_CENTER', 'facility_type', 'Imaging / Diagnostic Center', 'v2_1_core'),
    ('FAC_LABORATORY', 'facility_type', 'Laboratory / Blood Tests', 'v2_1_core'),
    ('FAC_MATERNITY_WOMENS_HEALTH_CLINIC', 'facility_type', 'Maternity / Women’s Health Clinic', 'v2_1_core'),
    ('FAC_MENTAL_HEALTH_CLINIC', 'facility_type', 'Mental Health Clinic', 'v2_1_core'),
    ('FAC_ONCOLOGY_CENTER', 'facility_type', 'Oncology Center', 'v2_1_core'),
    ('FAC_PEDIATRIC_CLINIC', 'facility_type', 'Pediatric Clinic', 'v2_1_core'),
    ('FAC_PHARMACY', 'facility_type', 'Pharmacy', 'v2_1_core'),
    ('FAC_REHABILITATION_PHYSIOTHERAPY_CENTER', 'facility_type', 'Rehabilitation / Physiotherapy Center', 'v2_1_core'),
    ('FAC_SPECIALTY_CLINIC', 'facility_type', 'Specialty Clinic', 'v2_1_core'),
    ('FAC_SURGERY_CENTER_DAY_SURGERY', 'facility_type', 'Surgery Center / Day Surgery Center', 'v2_1_core'),
    ('FAC_TELEHEALTH_VIRTUAL_CARE', 'facility_type', 'Telehealth / Virtual Care', 'v2_1_core'),
    ('FAC_URGENT_CARE', 'facility_type', 'Urgent Care / Walk-in Clinic', 'v2_1_core'),
    ('SPEC_ADDICTION_MEDICINE', 'specialty', 'Addiction Medicine', 'v2_1_core'),
    ('SPEC_AESTHETIC_MEDICINE', 'specialty', 'Aesthetic Medicine', 'v2_1_core'),
    ('SPEC_ALLERGY_IMMUNOLOGY', 'specialty', 'Allergy & Immunology', 'v2_1_core'),
    ('SPEC_ANDROLOGY', 'specialty', 'Andrology', 'v2_1_core'),
    ('SPEC_ANESTHESIOLOGY', 'specialty', 'Anesthesiology', 'v2_1_core'),
    ('SPEC_AUDIOLOGY', 'specialty', 'Audiology', 'v2_1_core'),
    ('SPEC_BARIATRIC_SURGERY', 'specialty', 'Bariatric Surgery', 'v2_1_core'),
    ('SPEC_BREAST_SURGERY', 'specialty', 'Breast Surgery', 'v2_1_core'),
    ('SPEC_CARDIOLOGY', 'specialty', 'Cardiology', 'v2_1_core'),
    ('SPEC_CARDIOVASCULAR_SURGERY', 'specialty', 'Cardiovascular Surgery', 'v2_1_core'),
    ('SPEC_CHILD_ADOLESCENT_PSYCHIATRY', 'specialty', 'Child & Adolescent Psychiatry', 'v2_1_core'),
    ('SPEC_CHIROPRACTIC', 'specialty', 'Chiropractic', 'v2_1_core'),
    ('SPEC_CLINICAL_GENETICS', 'specialty', 'Clinical Genetics', 'v2_1_core'),
    ('SPEC_COLORECTAL_SURGERY', 'specialty', 'Colorectal Surgery', 'v2_1_core'),
    ('SPEC_CRITICAL_CARE_INTENSIVE_CARE', 'specialty', 'Critical Care / Intensive Care', 'v2_1_core'),
    ('SPEC_DENTISTRY_GENERAL', 'specialty', 'General Dentistry', 'v2_1_core'),
    ('SPEC_DERMATOLOGY', 'specialty', 'Dermatology', 'v2_1_core'),
    ('SPEC_EMERGENCY_MEDICINE', 'specialty', 'Emergency Medicine', 'v2_1_core'),
    ('SPEC_ENDOCRINOLOGY', 'specialty', 'Endocrinology', 'v2_1_core'),
    ('SPEC_ENDODONTICS', 'specialty', 'Endodontics', 'v2_1_core'),
    ('SPEC_ENT', 'specialty', 'ENT / Otolaryngology', 'v2_1_core'),
    ('SPEC_FAMILY_MEDICINE', 'specialty', 'Family Medicine', 'v2_1_core'),
    ('SPEC_GASTROENTEROLOGY', 'specialty', 'Gastroenterology', 'v2_1_core'),
    ('SPEC_GENERAL_PRACTICE', 'specialty', 'General Practice', 'v2_1_core'),
    ('SPEC_GENERAL_SURGERY', 'specialty', 'General Surgery', 'v2_1_core'),
    ('SPEC_GENETICS_GENOMICS', 'specialty', 'Genetics & Genomics', 'v2_1_core'),
    ('SPEC_GERIATRICS', 'specialty', 'Geriatrics', 'v2_1_core'),
    ('SPEC_GERIATRIC_PSYCHIATRY', 'specialty', 'Geriatric Psychiatry', 'v2_1_core'),
    ('SPEC_HEAD_NECK_SURGERY', 'specialty', 'Head & Neck Surgery', 'v2_1_core'),
    ('SPEC_HEMATOLOGY', 'specialty', 'Hematology', 'v2_1_core'),
    ('SPEC_HEPATOLOGY', 'specialty', 'Hepatology', 'v2_1_core'),
    ('SPEC_INFECTIOUS_DISEASE', 'specialty', 'Infectious Disease', 'v2_1_core'),
    ('SPEC_INTERNAL_MEDICINE', 'specialty', 'Internal Medicine', 'v2_1_core'),
    ('SPEC_INTERVENTIONAL_RADIOLOGY', 'specialty', 'Interventional Radiology', 'v2_1_core'),
    ('SPEC_MATERNAL_FETAL_MEDICINE', 'specialty', 'Maternal-Fetal Medicine', 'v2_1_core'),
    ('SPEC_NEONATOLOGY', 'specialty', 'Neonatology', 'v2_1_core'),
    ('SPEC_NEPHROLOGY', 'specialty', 'Nephrology', 'v2_1_core'),
    ('SPEC_NEUROLOGY', 'specialty', 'Neurology', 'v2_1_core'),
    ('SPEC_NEUROPSYCHOLOGY', 'specialty', 'Neuropsychology', 'v2_1_core'),
    ('SPEC_NEUROSURGERY', 'specialty', 'Neurosurgery', 'v2_1_core'),
    ('SPEC_NUCLEAR_MEDICINE', 'specialty', 'Nuclear Medicine', 'v2_1_core'),
    ('SPEC_NUTRITION_DIETETICS', 'specialty', 'Nutrition & Dietetics', 'v2_1_core'),
    ('SPEC_OBGYN', 'specialty', 'Obstetrics & Gynecology', 'v2_1_core'),
    ('SPEC_OCCUPATIONAL_THERAPY', 'specialty', 'Occupational Therapy', 'v2_1_core'),
    ('SPEC_ONCOLOGY', 'specialty', 'Oncology', 'v2_1_core'),
    ('SPEC_OPHTHALMOLOGY', 'specialty', 'Ophthalmology', 'v2_1_core'),
    ('SPEC_OPTOMETRY', 'specialty', 'Optometry', 'v2_1_core'),
    ('SPEC_ORAL_MAXILLOFACIAL_SURGERY', 'specialty', 'Oral & Maxillofacial Surgery', 'v2_1_core'),
    ('SPEC_ORAL_SURGERY', 'specialty', 'Oral Surgery', 'v2_1_core'),
    ('SPEC_ORTHODONTICS', 'specialty', 'Orthodontics', 'v2_1_core'),
    ('SPEC_ORTHOPEDIC_SURGERY', 'specialty', 'Orthopedic Surgery', 'v2_1_core'),
    ('SPEC_OSTEOPATHY', 'specialty', 'Osteopathy', 'v2_1_core'),
    ('SPEC_PAIN_MANAGEMENT', 'specialty', 'Pain Management', 'v2_1_core'),
    ('SPEC_PALLIATIVE_CARE', 'specialty', 'Palliative Care', 'v2_1_core'),
    ('SPEC_PATHOLOGY', 'specialty', 'Pathology', 'v2_1_core'),
    ('SPEC_PEDIATRICS', 'specialty', 'Pediatrics', 'v2_1_core'),
    ('SPEC_PEDIATRIC_DENTISTRY', 'specialty', 'Pediatric Dentistry', 'v2_1_core'),
    ('SPEC_PEDIATRIC_OPHTHALMOLOGY', 'specialty', 'Pediatric Ophthalmology', 'v2_1_core'),
    ('SPEC_PEDIATRIC_SURGERY', 'specialty', 'Pediatric Surgery', 'v2_1_core'),
    ('SPEC_PEDIATRIC_UROLOGY', 'specialty', 'Pediatric Urology', 'v2_1_core'),
    ('SPEC_PERIODONTICS', 'specialty', 'Periodontics', 'v2_1_core'),
    ('SPEC_PHYSICAL_MEDICINE_REHAB', 'specialty', 'Physical Medicine & Rehab', 'v2_1_core'),
    ('SPEC_PHYSIOTHERAPY', 'specialty', 'Physical Therapy / Physiotherapy', 'v2_1_core'),
    ('SPEC_PLASTIC_RECONSTRUCTIVE_SURGERY', 'specialty', 'Plastic & Reconstructive Surgery', 'v2_1_core'),
    ('SPEC_PODIATRY', 'specialty', 'Podiatry', 'v2_1_core'),
    ('SPEC_PROSTHODONTICS', 'specialty', 'Prosthodontics', 'v2_1_core'),
    ('SPEC_PSYCHIATRY', 'specialty', 'Psychiatry', 'v2_1_core'),
    ('SPEC_PSYCHOLOGY_THERAPY', 'specialty', 'Psychology / Therapy', 'v2_1_core'),
    ('SPEC_PULMONOLOGY', 'specialty', 'Pulmonology', 'v2_1_core'),
    ('SPEC_RADIOLOGY', 'specialty', 'Radiology', 'v2_1_core'),
    ('SPEC_REPRODUCTIVE_ENDOCRINOLOGY_IVF', 'specialty', 'Reproductive Endocrinology / IVF', 'v2_1_core'),
    ('SPEC_RETINA_SPECIALIST', 'specialty', 'Retina Specialist', 'v2_1_core'),
    ('SPEC_RHEUMATOLOGY', 'specialty', 'Rheumatology', 'v2_1_core'),
    ('SPEC_RHINOLOGY', 'specialty', 'Rhinology', 'v2_1_core'),
    ('SPEC_SLEEP_MEDICINE', 'specialty', 'Sleep Medicine', 'v2_1_core'),
    ('SPEC_SPEECH_THERAPY', 'specialty', 'Speech Therapy', 'v2_1_core'),
    ('SPEC_SPORTS_MEDICINE', 'specialty', 'Sports Medicine', 'v2_1_core'),
    ('SPEC_THORACIC_SURGERY', 'specialty', 'Thoracic Surgery', 'v2_1_core'),
    ('SPEC_TRANSPLANT_SURGERY', 'specialty', 'Transplant Surgery', 'v2_1_core'),
    ('SPEC_TRAUMA_SURGERY', 'specialty', 'Trauma Surgery', 'v2_1_core'),
    ('SPEC_UROGYNECOLOGY', 'specialty', 'Urogynecology', 'v2_1_core'),
    ('SPEC_UROLOGY', 'specialty', 'Urology', 'v2_1_core'),
    ('SPEC_VASCULAR_SURGERY', 'specialty', 'Vascular Surgery', 'v2_1_core'),
    ('SPEC_WOUND_CARE', 'specialty', 'Wound Care', 'v2_1_core'),
    ('SERV_ACUPUNCTURE', 'treatment_procedure', 'Acupuncture', 'v2_1_core'),
    ('SERV_ALLERGY_TESTING', 'treatment_procedure', 'Allergy Testing', 'v2_1_core'),
    ('SERV_BARIATRIC_SURGERY', 'treatment_procedure', 'Bariatric Surgery', 'v2_1_core'),
    ('SERV_BLOOD_TESTS_LAB_WORK', 'treatment_procedure', 'Blood Tests / Lab Work', 'v2_1_core'),
    ('SERV_BOTOX_FILLERS', 'treatment_procedure', 'Botox & Fillers', 'v2_1_core'),
    ('SERV_BREAST_AUGMENTATION_REDUCTION', 'treatment_procedure', 'Breast Augmentation / Reduction', 'v2_1_core'),
    ('SERV_CATARACT_SURGERY', 'treatment_procedure', 'Cataract Surgery', 'v2_1_core'),
    ('SERV_CHEMICAL_PEEL_MICRONEEDLING', 'treatment_procedure', 'Chemical Peels & Microneedling', 'v2_1_core'),
    ('SERV_CHEMOTHERAPY', 'treatment_procedure', 'Chemotherapy', 'v2_1_core'),
    ('SERV_CLEAR_ALIGNERS_ORTHODONTICS', 'treatment_procedure', 'Orthodontics / Clear Aligners', 'v2_1_core'),
    ('SERV_COLOSCOPY', 'treatment_procedure', 'Colonoscopy', 'v2_1_core'),
    ('SERV_COSMETIC_DENTISTRY', 'treatment_procedure', 'Cosmetic Dentistry', 'v2_1_core'),
    ('SERV_CT_SCAN', 'treatment_procedure', 'CT Scan', 'v2_1_core'),
    ('SERV_DENTAL_IMPLANTS', 'treatment_procedure', 'Dental Implants', 'v2_1_core'),
    ('SERV_DIALYSIS', 'treatment_procedure', 'Dialysis', 'v2_1_core'),
    ('SERV_ENDOSCOPY', 'treatment_procedure', 'Endoscopy', 'v2_1_core'),
    ('SERV_EYELID_SURGERY', 'treatment_procedure', 'Eyelid Surgery', 'v2_1_core'),
    ('SERV_FACELIFT_NECKLIFT', 'treatment_procedure', 'Facelift & Neck Lift', 'v2_1_core'),
    ('SERV_FERTILITY_TREATMENT_IVF', 'treatment_procedure', 'Fertility Treatment / IVF', 'v2_1_core'),
    ('SERV_HAIR_TRANSPLANT', 'treatment_procedure', 'Hair Transplant', 'v2_1_core'),
    ('SERV_HEALTH_CHECKUP_PREVENTIVE_SCREENING', 'treatment_procedure', 'Health Check-up / Preventive Screening', 'v2_1_core'),
    ('SERV_HIP_REPLACEMENT', 'treatment_procedure', 'Hip Replacement', 'v2_1_core'),
    ('SERV_HOMEOPATHY', 'treatment_procedure', 'Homeopathy', 'v2_1_core'),
    ('SERV_KNEE_REPLACEMENT', 'treatment_procedure', 'Knee Replacement', 'v2_1_core'),
    ('SERV_LASER_TREATMENTS', 'treatment_procedure', 'Laser Treatments', 'v2_1_core'),
    ('SERV_LASIK_REFRACTIVE', 'treatment_procedure', 'LASIK / Refractive Surgery', 'v2_1_core'),
    ('SERV_LIPOSUCTION_BODY_CONTOURING', 'treatment_procedure', 'Liposuction & Body Contouring', 'v2_1_core'),
    ('SERV_LIP_ENHANCEMENT', 'treatment_procedure', 'Lip Enhancement', 'v2_1_core'),
    ('SERV_MAMMOGRAPHY', 'treatment_procedure', 'Mammography', 'v2_1_core'),
    ('SERV_MRI', 'treatment_procedure', 'MRI', 'v2_1_core'),
    ('SERV_NATUROPATHY', 'treatment_procedure', 'Naturopathy', 'v2_1_core'),
    ('SERV_PRP_SKIN_REJUVENATION', 'treatment_procedure', 'Skin Rejuvenation / PRP', 'v2_1_core'),
    ('SERV_PSYCHOTHERAPY_COUNSELING', 'treatment_procedure', 'Psychotherapy / Counseling', 'v2_1_core'),
    ('SERV_RADIOTHERAPY', 'treatment_procedure', 'Radiotherapy', 'v2_1_core'),
    ('SERV_REHABILITATION_PHYSIOTHERAPY', 'treatment_procedure', 'Rehabilitation / Physiotherapy', 'v2_1_core'),
    ('SERV_RHINOPLASTY', 'treatment_procedure', 'Rhinoplasty', 'v2_1_core'),
    ('SERV_ROOT_CANAL_TREATMENT', 'treatment_procedure', 'Root Canal Treatment', 'v2_1_core'),
    ('SERV_SKIN_CANCER_SCREENING', 'treatment_procedure', 'Skin Cancer Screening', 'v2_1_core'),
    ('SERV_SMILE_DESIGN', 'treatment_procedure', 'Dental Aesthetics (Smile Design)', 'v2_1_core'),
    ('SERV_TATTOO_REMOVAL', 'treatment_procedure', 'Tattoo Removal', 'v2_1_core'),
    ('SERV_TCM', 'treatment_procedure', 'Traditional Chinese Medicine', 'v2_1_core'),
    ('SERV_TEETH_WHITENING', 'treatment_procedure', 'Teeth Whitening', 'v2_1_core'),
    ('SERV_TUMMY_TUCK', 'treatment_procedure', 'Tummy Tuck', 'v2_1_core'),
    ('SERV_ULTRASOUND', 'treatment_procedure', 'Ultrasound', 'v2_1_core'),
    ('SERV_VACCINATION_IMMUNIZATION', 'treatment_procedure', 'Vaccination / Immunization', 'v2_1_core'),
    ('SERV_VARICOSE_VEIN_TREATMENT', 'treatment_procedure', 'Varicose Vein Treatment', 'v2_1_core'),
    ('SERV_XRAY', 'treatment_procedure', 'X-ray', 'v2_1_core')
ON CONFLICT (canonical_id) DO UPDATE
SET
    entity_type = EXCLUDED.entity_type,
    display_english_label = EXCLUDED.display_english_label,
    launch_scope = EXCLUDED.launch_scope,
    updated_at = now();

-- Remove stale v2.1 entity rows outside the proposal corpus.
DELETE FROM public.taxonomy_v21_aliases
WHERE canonical_id NOT IN (
    SELECT id_col FROM (VALUES
        ('FAC_AESTHETIC_COSMETIC_CLINIC'),
    ('FAC_CLINIC_MEDICAL_CENTER'),
    ('FAC_DENTAL_CLINIC'),
    ('FAC_DIALYSIS_CENTER'),
    ('FAC_EYE_CLINIC'),
    ('FAC_FERTILITY_IVF_CLINIC'),
    ('FAC_HOSPITAL_GENERAL'),
    ('FAC_IMAGING_DIAGNOSTIC_CENTER'),
    ('FAC_LABORATORY'),
    ('FAC_MATERNITY_WOMENS_HEALTH_CLINIC'),
    ('FAC_MENTAL_HEALTH_CLINIC'),
    ('FAC_ONCOLOGY_CENTER'),
    ('FAC_PEDIATRIC_CLINIC'),
    ('FAC_PHARMACY'),
    ('FAC_REHABILITATION_PHYSIOTHERAPY_CENTER'),
    ('FAC_SPECIALTY_CLINIC'),
    ('FAC_SURGERY_CENTER_DAY_SURGERY'),
    ('FAC_TELEHEALTH_VIRTUAL_CARE'),
    ('FAC_URGENT_CARE'),
    ('SPEC_ADDICTION_MEDICINE'),
    ('SPEC_AESTHETIC_MEDICINE'),
    ('SPEC_ALLERGY_IMMUNOLOGY'),
    ('SPEC_ANDROLOGY'),
    ('SPEC_ANESTHESIOLOGY'),
    ('SPEC_AUDIOLOGY'),
    ('SPEC_BARIATRIC_SURGERY'),
    ('SPEC_BREAST_SURGERY'),
    ('SPEC_CARDIOLOGY'),
    ('SPEC_CARDIOVASCULAR_SURGERY'),
    ('SPEC_CHILD_ADOLESCENT_PSYCHIATRY'),
    ('SPEC_CHIROPRACTIC'),
    ('SPEC_CLINICAL_GENETICS'),
    ('SPEC_COLORECTAL_SURGERY'),
    ('SPEC_CRITICAL_CARE_INTENSIVE_CARE'),
    ('SPEC_DENTISTRY_GENERAL'),
    ('SPEC_DERMATOLOGY'),
    ('SPEC_EMERGENCY_MEDICINE'),
    ('SPEC_ENDOCRINOLOGY'),
    ('SPEC_ENDODONTICS'),
    ('SPEC_ENT'),
    ('SPEC_FAMILY_MEDICINE'),
    ('SPEC_GASTROENTEROLOGY'),
    ('SPEC_GENERAL_PRACTICE'),
    ('SPEC_GENERAL_SURGERY'),
    ('SPEC_GENETICS_GENOMICS'),
    ('SPEC_GERIATRICS'),
    ('SPEC_GERIATRIC_PSYCHIATRY'),
    ('SPEC_HEAD_NECK_SURGERY'),
    ('SPEC_HEMATOLOGY'),
    ('SPEC_HEPATOLOGY'),
    ('SPEC_INFECTIOUS_DISEASE'),
    ('SPEC_INTERNAL_MEDICINE'),
    ('SPEC_INTERVENTIONAL_RADIOLOGY'),
    ('SPEC_MATERNAL_FETAL_MEDICINE'),
    ('SPEC_NEONATOLOGY'),
    ('SPEC_NEPHROLOGY'),
    ('SPEC_NEUROLOGY'),
    ('SPEC_NEUROPSYCHOLOGY'),
    ('SPEC_NEUROSURGERY'),
    ('SPEC_NUCLEAR_MEDICINE'),
    ('SPEC_NUTRITION_DIETETICS'),
    ('SPEC_OBGYN'),
    ('SPEC_OCCUPATIONAL_THERAPY'),
    ('SPEC_ONCOLOGY'),
    ('SPEC_OPHTHALMOLOGY'),
    ('SPEC_OPTOMETRY'),
    ('SPEC_ORAL_MAXILLOFACIAL_SURGERY'),
    ('SPEC_ORAL_SURGERY'),
    ('SPEC_ORTHODONTICS'),
    ('SPEC_ORTHOPEDIC_SURGERY'),
    ('SPEC_OSTEOPATHY'),
    ('SPEC_PAIN_MANAGEMENT'),
    ('SPEC_PALLIATIVE_CARE'),
    ('SPEC_PATHOLOGY'),
    ('SPEC_PEDIATRICS'),
    ('SPEC_PEDIATRIC_DENTISTRY'),
    ('SPEC_PEDIATRIC_OPHTHALMOLOGY'),
    ('SPEC_PEDIATRIC_SURGERY'),
    ('SPEC_PEDIATRIC_UROLOGY'),
    ('SPEC_PERIODONTICS'),
    ('SPEC_PHYSICAL_MEDICINE_REHAB'),
    ('SPEC_PHYSIOTHERAPY'),
    ('SPEC_PLASTIC_RECONSTRUCTIVE_SURGERY'),
    ('SPEC_PODIATRY'),
    ('SPEC_PROSTHODONTICS'),
    ('SPEC_PSYCHIATRY'),
    ('SPEC_PSYCHOLOGY_THERAPY'),
    ('SPEC_PULMONOLOGY'),
    ('SPEC_RADIOLOGY'),
    ('SPEC_REPRODUCTIVE_ENDOCRINOLOGY_IVF'),
    ('SPEC_RETINA_SPECIALIST'),
    ('SPEC_RHEUMATOLOGY'),
    ('SPEC_RHINOLOGY'),
    ('SPEC_SLEEP_MEDICINE'),
    ('SPEC_SPEECH_THERAPY'),
    ('SPEC_SPORTS_MEDICINE'),
    ('SPEC_THORACIC_SURGERY'),
    ('SPEC_TRANSPLANT_SURGERY'),
    ('SPEC_TRAUMA_SURGERY'),
    ('SPEC_UROGYNECOLOGY'),
    ('SPEC_UROLOGY'),
    ('SPEC_VASCULAR_SURGERY'),
    ('SPEC_WOUND_CARE'),
    ('SERV_ACUPUNCTURE'),
    ('SERV_ALLERGY_TESTING'),
    ('SERV_BARIATRIC_SURGERY'),
    ('SERV_BLOOD_TESTS_LAB_WORK'),
    ('SERV_BOTOX_FILLERS'),
    ('SERV_BREAST_AUGMENTATION_REDUCTION'),
    ('SERV_CATARACT_SURGERY'),
    ('SERV_CHEMICAL_PEEL_MICRONEEDLING'),
    ('SERV_CHEMOTHERAPY'),
    ('SERV_CLEAR_ALIGNERS_ORTHODONTICS'),
    ('SERV_COLOSCOPY'),
    ('SERV_COSMETIC_DENTISTRY'),
    ('SERV_CT_SCAN'),
    ('SERV_DENTAL_IMPLANTS'),
    ('SERV_DIALYSIS'),
    ('SERV_ENDOSCOPY'),
    ('SERV_EYELID_SURGERY'),
    ('SERV_FACELIFT_NECKLIFT'),
    ('SERV_FERTILITY_TREATMENT_IVF'),
    ('SERV_HAIR_TRANSPLANT'),
    ('SERV_HEALTH_CHECKUP_PREVENTIVE_SCREENING'),
    ('SERV_HIP_REPLACEMENT'),
    ('SERV_HOMEOPATHY'),
    ('SERV_KNEE_REPLACEMENT'),
    ('SERV_LASER_TREATMENTS'),
    ('SERV_LASIK_REFRACTIVE'),
    ('SERV_LIPOSUCTION_BODY_CONTOURING'),
    ('SERV_LIP_ENHANCEMENT'),
    ('SERV_MAMMOGRAPHY'),
    ('SERV_MRI'),
    ('SERV_NATUROPATHY'),
    ('SERV_PRP_SKIN_REJUVENATION'),
    ('SERV_PSYCHOTHERAPY_COUNSELING'),
    ('SERV_RADIOTHERAPY'),
    ('SERV_REHABILITATION_PHYSIOTHERAPY'),
    ('SERV_RHINOPLASTY'),
    ('SERV_ROOT_CANAL_TREATMENT'),
    ('SERV_SKIN_CANCER_SCREENING'),
    ('SERV_SMILE_DESIGN'),
    ('SERV_TATTOO_REMOVAL'),
    ('SERV_TCM'),
    ('SERV_TEETH_WHITENING'),
    ('SERV_TUMMY_TUCK'),
    ('SERV_ULTRASOUND'),
    ('SERV_VACCINATION_IMMUNIZATION'),
    ('SERV_VARICOSE_VEIN_TREATMENT'),
    ('SERV_XRAY')
    ) AS t(id_col)
);

DELETE FROM public.taxonomy_v21_entities
WHERE canonical_id NOT IN (
    SELECT id_col FROM (VALUES
        ('FAC_AESTHETIC_COSMETIC_CLINIC'),
    ('FAC_CLINIC_MEDICAL_CENTER'),
    ('FAC_DENTAL_CLINIC'),
    ('FAC_DIALYSIS_CENTER'),
    ('FAC_EYE_CLINIC'),
    ('FAC_FERTILITY_IVF_CLINIC'),
    ('FAC_HOSPITAL_GENERAL'),
    ('FAC_IMAGING_DIAGNOSTIC_CENTER'),
    ('FAC_LABORATORY'),
    ('FAC_MATERNITY_WOMENS_HEALTH_CLINIC'),
    ('FAC_MENTAL_HEALTH_CLINIC'),
    ('FAC_ONCOLOGY_CENTER'),
    ('FAC_PEDIATRIC_CLINIC'),
    ('FAC_PHARMACY'),
    ('FAC_REHABILITATION_PHYSIOTHERAPY_CENTER'),
    ('FAC_SPECIALTY_CLINIC'),
    ('FAC_SURGERY_CENTER_DAY_SURGERY'),
    ('FAC_TELEHEALTH_VIRTUAL_CARE'),
    ('FAC_URGENT_CARE'),
    ('SPEC_ADDICTION_MEDICINE'),
    ('SPEC_AESTHETIC_MEDICINE'),
    ('SPEC_ALLERGY_IMMUNOLOGY'),
    ('SPEC_ANDROLOGY'),
    ('SPEC_ANESTHESIOLOGY'),
    ('SPEC_AUDIOLOGY'),
    ('SPEC_BARIATRIC_SURGERY'),
    ('SPEC_BREAST_SURGERY'),
    ('SPEC_CARDIOLOGY'),
    ('SPEC_CARDIOVASCULAR_SURGERY'),
    ('SPEC_CHILD_ADOLESCENT_PSYCHIATRY'),
    ('SPEC_CHIROPRACTIC'),
    ('SPEC_CLINICAL_GENETICS'),
    ('SPEC_COLORECTAL_SURGERY'),
    ('SPEC_CRITICAL_CARE_INTENSIVE_CARE'),
    ('SPEC_DENTISTRY_GENERAL'),
    ('SPEC_DERMATOLOGY'),
    ('SPEC_EMERGENCY_MEDICINE'),
    ('SPEC_ENDOCRINOLOGY'),
    ('SPEC_ENDODONTICS'),
    ('SPEC_ENT'),
    ('SPEC_FAMILY_MEDICINE'),
    ('SPEC_GASTROENTEROLOGY'),
    ('SPEC_GENERAL_PRACTICE'),
    ('SPEC_GENERAL_SURGERY'),
    ('SPEC_GENETICS_GENOMICS'),
    ('SPEC_GERIATRICS'),
    ('SPEC_GERIATRIC_PSYCHIATRY'),
    ('SPEC_HEAD_NECK_SURGERY'),
    ('SPEC_HEMATOLOGY'),
    ('SPEC_HEPATOLOGY'),
    ('SPEC_INFECTIOUS_DISEASE'),
    ('SPEC_INTERNAL_MEDICINE'),
    ('SPEC_INTERVENTIONAL_RADIOLOGY'),
    ('SPEC_MATERNAL_FETAL_MEDICINE'),
    ('SPEC_NEONATOLOGY'),
    ('SPEC_NEPHROLOGY'),
    ('SPEC_NEUROLOGY'),
    ('SPEC_NEUROPSYCHOLOGY'),
    ('SPEC_NEUROSURGERY'),
    ('SPEC_NUCLEAR_MEDICINE'),
    ('SPEC_NUTRITION_DIETETICS'),
    ('SPEC_OBGYN'),
    ('SPEC_OCCUPATIONAL_THERAPY'),
    ('SPEC_ONCOLOGY'),
    ('SPEC_OPHTHALMOLOGY'),
    ('SPEC_OPTOMETRY'),
    ('SPEC_ORAL_MAXILLOFACIAL_SURGERY'),
    ('SPEC_ORAL_SURGERY'),
    ('SPEC_ORTHODONTICS'),
    ('SPEC_ORTHOPEDIC_SURGERY'),
    ('SPEC_OSTEOPATHY'),
    ('SPEC_PAIN_MANAGEMENT'),
    ('SPEC_PALLIATIVE_CARE'),
    ('SPEC_PATHOLOGY'),
    ('SPEC_PEDIATRICS'),
    ('SPEC_PEDIATRIC_DENTISTRY'),
    ('SPEC_PEDIATRIC_OPHTHALMOLOGY'),
    ('SPEC_PEDIATRIC_SURGERY'),
    ('SPEC_PEDIATRIC_UROLOGY'),
    ('SPEC_PERIODONTICS'),
    ('SPEC_PHYSICAL_MEDICINE_REHAB'),
    ('SPEC_PHYSIOTHERAPY'),
    ('SPEC_PLASTIC_RECONSTRUCTIVE_SURGERY'),
    ('SPEC_PODIATRY'),
    ('SPEC_PROSTHODONTICS'),
    ('SPEC_PSYCHIATRY'),
    ('SPEC_PSYCHOLOGY_THERAPY'),
    ('SPEC_PULMONOLOGY'),
    ('SPEC_RADIOLOGY'),
    ('SPEC_REPRODUCTIVE_ENDOCRINOLOGY_IVF'),
    ('SPEC_RETINA_SPECIALIST'),
    ('SPEC_RHEUMATOLOGY'),
    ('SPEC_RHINOLOGY'),
    ('SPEC_SLEEP_MEDICINE'),
    ('SPEC_SPEECH_THERAPY'),
    ('SPEC_SPORTS_MEDICINE'),
    ('SPEC_THORACIC_SURGERY'),
    ('SPEC_TRANSPLANT_SURGERY'),
    ('SPEC_TRAUMA_SURGERY'),
    ('SPEC_UROGYNECOLOGY'),
    ('SPEC_UROLOGY'),
    ('SPEC_VASCULAR_SURGERY'),
    ('SPEC_WOUND_CARE'),
    ('SERV_ACUPUNCTURE'),
    ('SERV_ALLERGY_TESTING'),
    ('SERV_BARIATRIC_SURGERY'),
    ('SERV_BLOOD_TESTS_LAB_WORK'),
    ('SERV_BOTOX_FILLERS'),
    ('SERV_BREAST_AUGMENTATION_REDUCTION'),
    ('SERV_CATARACT_SURGERY'),
    ('SERV_CHEMICAL_PEEL_MICRONEEDLING'),
    ('SERV_CHEMOTHERAPY'),
    ('SERV_CLEAR_ALIGNERS_ORTHODONTICS'),
    ('SERV_COLOSCOPY'),
    ('SERV_COSMETIC_DENTISTRY'),
    ('SERV_CT_SCAN'),
    ('SERV_DENTAL_IMPLANTS'),
    ('SERV_DIALYSIS'),
    ('SERV_ENDOSCOPY'),
    ('SERV_EYELID_SURGERY'),
    ('SERV_FACELIFT_NECKLIFT'),
    ('SERV_FERTILITY_TREATMENT_IVF'),
    ('SERV_HAIR_TRANSPLANT'),
    ('SERV_HEALTH_CHECKUP_PREVENTIVE_SCREENING'),
    ('SERV_HIP_REPLACEMENT'),
    ('SERV_HOMEOPATHY'),
    ('SERV_KNEE_REPLACEMENT'),
    ('SERV_LASER_TREATMENTS'),
    ('SERV_LASIK_REFRACTIVE'),
    ('SERV_LIPOSUCTION_BODY_CONTOURING'),
    ('SERV_LIP_ENHANCEMENT'),
    ('SERV_MAMMOGRAPHY'),
    ('SERV_MRI'),
    ('SERV_NATUROPATHY'),
    ('SERV_PRP_SKIN_REJUVENATION'),
    ('SERV_PSYCHOTHERAPY_COUNSELING'),
    ('SERV_RADIOTHERAPY'),
    ('SERV_REHABILITATION_PHYSIOTHERAPY'),
    ('SERV_RHINOPLASTY'),
    ('SERV_ROOT_CANAL_TREATMENT'),
    ('SERV_SKIN_CANCER_SCREENING'),
    ('SERV_SMILE_DESIGN'),
    ('SERV_TATTOO_REMOVAL'),
    ('SERV_TCM'),
    ('SERV_TEETH_WHITENING'),
    ('SERV_TUMMY_TUCK'),
    ('SERV_ULTRASOUND'),
    ('SERV_VACCINATION_IMMUNIZATION'),
    ('SERV_VARICOSE_VEIN_TREATMENT'),
    ('SERV_XRAY')
    ) AS t(id_col)
);

-- Keep alias data aligned with proposal-driven canonical IDs.
DELETE FROM public.taxonomy_aliases
WHERE locale = 'en'
  AND entity_id IN (
      SELECT id_col FROM (VALUES
          ('FAC_AESTHETIC_COSMETIC_CLINIC'),
    ('FAC_CLINIC_MEDICAL_CENTER'),
    ('FAC_DENTAL_CLINIC'),
    ('FAC_DIALYSIS_CENTER'),
    ('FAC_EYE_CLINIC'),
    ('FAC_FERTILITY_IVF_CLINIC'),
    ('FAC_HOSPITAL_GENERAL'),
    ('FAC_IMAGING_DIAGNOSTIC_CENTER'),
    ('FAC_LABORATORY'),
    ('FAC_MATERNITY_WOMENS_HEALTH_CLINIC'),
    ('FAC_MENTAL_HEALTH_CLINIC'),
    ('FAC_ONCOLOGY_CENTER'),
    ('FAC_PEDIATRIC_CLINIC'),
    ('FAC_PHARMACY'),
    ('FAC_REHABILITATION_PHYSIOTHERAPY_CENTER'),
    ('FAC_SPECIALTY_CLINIC'),
    ('FAC_SURGERY_CENTER_DAY_SURGERY'),
    ('FAC_TELEHEALTH_VIRTUAL_CARE'),
    ('FAC_URGENT_CARE'),
    ('SPEC_ADDICTION_MEDICINE'),
    ('SPEC_AESTHETIC_MEDICINE'),
    ('SPEC_ALLERGY_IMMUNOLOGY'),
    ('SPEC_ANDROLOGY'),
    ('SPEC_ANESTHESIOLOGY'),
    ('SPEC_AUDIOLOGY'),
    ('SPEC_BARIATRIC_SURGERY'),
    ('SPEC_BREAST_SURGERY'),
    ('SPEC_CARDIOLOGY'),
    ('SPEC_CARDIOVASCULAR_SURGERY'),
    ('SPEC_CHILD_ADOLESCENT_PSYCHIATRY'),
    ('SPEC_CHIROPRACTIC'),
    ('SPEC_CLINICAL_GENETICS'),
    ('SPEC_COLORECTAL_SURGERY'),
    ('SPEC_CRITICAL_CARE_INTENSIVE_CARE'),
    ('SPEC_DENTISTRY_GENERAL'),
    ('SPEC_DERMATOLOGY'),
    ('SPEC_EMERGENCY_MEDICINE'),
    ('SPEC_ENDOCRINOLOGY'),
    ('SPEC_ENDODONTICS'),
    ('SPEC_ENT'),
    ('SPEC_FAMILY_MEDICINE'),
    ('SPEC_GASTROENTEROLOGY'),
    ('SPEC_GENERAL_PRACTICE'),
    ('SPEC_GENERAL_SURGERY'),
    ('SPEC_GENETICS_GENOMICS'),
    ('SPEC_GERIATRICS'),
    ('SPEC_GERIATRIC_PSYCHIATRY'),
    ('SPEC_HEAD_NECK_SURGERY'),
    ('SPEC_HEMATOLOGY'),
    ('SPEC_HEPATOLOGY'),
    ('SPEC_INFECTIOUS_DISEASE'),
    ('SPEC_INTERNAL_MEDICINE'),
    ('SPEC_INTERVENTIONAL_RADIOLOGY'),
    ('SPEC_MATERNAL_FETAL_MEDICINE'),
    ('SPEC_NEONATOLOGY'),
    ('SPEC_NEPHROLOGY'),
    ('SPEC_NEUROLOGY'),
    ('SPEC_NEUROPSYCHOLOGY'),
    ('SPEC_NEUROSURGERY'),
    ('SPEC_NUCLEAR_MEDICINE'),
    ('SPEC_NUTRITION_DIETETICS'),
    ('SPEC_OBGYN'),
    ('SPEC_OCCUPATIONAL_THERAPY'),
    ('SPEC_ONCOLOGY'),
    ('SPEC_OPHTHALMOLOGY'),
    ('SPEC_OPTOMETRY'),
    ('SPEC_ORAL_MAXILLOFACIAL_SURGERY'),
    ('SPEC_ORAL_SURGERY'),
    ('SPEC_ORTHODONTICS'),
    ('SPEC_ORTHOPEDIC_SURGERY'),
    ('SPEC_OSTEOPATHY'),
    ('SPEC_PAIN_MANAGEMENT'),
    ('SPEC_PALLIATIVE_CARE'),
    ('SPEC_PATHOLOGY'),
    ('SPEC_PEDIATRICS'),
    ('SPEC_PEDIATRIC_DENTISTRY'),
    ('SPEC_PEDIATRIC_OPHTHALMOLOGY'),
    ('SPEC_PEDIATRIC_SURGERY'),
    ('SPEC_PEDIATRIC_UROLOGY'),
    ('SPEC_PERIODONTICS'),
    ('SPEC_PHYSICAL_MEDICINE_REHAB'),
    ('SPEC_PHYSIOTHERAPY'),
    ('SPEC_PLASTIC_RECONSTRUCTIVE_SURGERY'),
    ('SPEC_PODIATRY'),
    ('SPEC_PROSTHODONTICS'),
    ('SPEC_PSYCHIATRY'),
    ('SPEC_PSYCHOLOGY_THERAPY'),
    ('SPEC_PULMONOLOGY'),
    ('SPEC_RADIOLOGY'),
    ('SPEC_REPRODUCTIVE_ENDOCRINOLOGY_IVF'),
    ('SPEC_RETINA_SPECIALIST'),
    ('SPEC_RHEUMATOLOGY'),
    ('SPEC_RHINOLOGY'),
    ('SPEC_SLEEP_MEDICINE'),
    ('SPEC_SPEECH_THERAPY'),
    ('SPEC_SPORTS_MEDICINE'),
    ('SPEC_THORACIC_SURGERY'),
    ('SPEC_TRANSPLANT_SURGERY'),
    ('SPEC_TRAUMA_SURGERY'),
    ('SPEC_UROGYNECOLOGY'),
    ('SPEC_UROLOGY'),
    ('SPEC_VASCULAR_SURGERY'),
    ('SPEC_WOUND_CARE'),
    ('SERV_ACUPUNCTURE'),
    ('SERV_ALLERGY_TESTING'),
    ('SERV_BARIATRIC_SURGERY'),
    ('SERV_BLOOD_TESTS_LAB_WORK'),
    ('SERV_BOTOX_FILLERS'),
    ('SERV_BREAST_AUGMENTATION_REDUCTION'),
    ('SERV_CATARACT_SURGERY'),
    ('SERV_CHEMICAL_PEEL_MICRONEEDLING'),
    ('SERV_CHEMOTHERAPY'),
    ('SERV_CLEAR_ALIGNERS_ORTHODONTICS'),
    ('SERV_COLOSCOPY'),
    ('SERV_COSMETIC_DENTISTRY'),
    ('SERV_CT_SCAN'),
    ('SERV_DENTAL_IMPLANTS'),
    ('SERV_DIALYSIS'),
    ('SERV_ENDOSCOPY'),
    ('SERV_EYELID_SURGERY'),
    ('SERV_FACELIFT_NECKLIFT'),
    ('SERV_FERTILITY_TREATMENT_IVF'),
    ('SERV_HAIR_TRANSPLANT'),
    ('SERV_HEALTH_CHECKUP_PREVENTIVE_SCREENING'),
    ('SERV_HIP_REPLACEMENT'),
    ('SERV_HOMEOPATHY'),
    ('SERV_KNEE_REPLACEMENT'),
    ('SERV_LASER_TREATMENTS'),
    ('SERV_LASIK_REFRACTIVE'),
    ('SERV_LIPOSUCTION_BODY_CONTOURING'),
    ('SERV_LIP_ENHANCEMENT'),
    ('SERV_MAMMOGRAPHY'),
    ('SERV_MRI'),
    ('SERV_NATUROPATHY'),
    ('SERV_PRP_SKIN_REJUVENATION'),
    ('SERV_PSYCHOTHERAPY_COUNSELING'),
    ('SERV_RADIOTHERAPY'),
    ('SERV_REHABILITATION_PHYSIOTHERAPY'),
    ('SERV_RHINOPLASTY'),
    ('SERV_ROOT_CANAL_TREATMENT'),
    ('SERV_SKIN_CANCER_SCREENING'),
    ('SERV_SMILE_DESIGN'),
    ('SERV_TATTOO_REMOVAL'),
    ('SERV_TCM'),
    ('SERV_TEETH_WHITENING'),
    ('SERV_TUMMY_TUCK'),
    ('SERV_ULTRASOUND'),
    ('SERV_VACCINATION_IMMUNIZATION'),
    ('SERV_VARICOSE_VEIN_TREATMENT'),
    ('SERV_XRAY')
      ) AS t(id_col)
  );

DELETE FROM public.taxonomy_v21_aliases
WHERE locale = 'en'
  AND canonical_id IN (
      SELECT id_col FROM (VALUES
          ('FAC_AESTHETIC_COSMETIC_CLINIC'),
    ('FAC_CLINIC_MEDICAL_CENTER'),
    ('FAC_DENTAL_CLINIC'),
    ('FAC_DIALYSIS_CENTER'),
    ('FAC_EYE_CLINIC'),
    ('FAC_FERTILITY_IVF_CLINIC'),
    ('FAC_HOSPITAL_GENERAL'),
    ('FAC_IMAGING_DIAGNOSTIC_CENTER'),
    ('FAC_LABORATORY'),
    ('FAC_MATERNITY_WOMENS_HEALTH_CLINIC'),
    ('FAC_MENTAL_HEALTH_CLINIC'),
    ('FAC_ONCOLOGY_CENTER'),
    ('FAC_PEDIATRIC_CLINIC'),
    ('FAC_PHARMACY'),
    ('FAC_REHABILITATION_PHYSIOTHERAPY_CENTER'),
    ('FAC_SPECIALTY_CLINIC'),
    ('FAC_SURGERY_CENTER_DAY_SURGERY'),
    ('FAC_TELEHEALTH_VIRTUAL_CARE'),
    ('FAC_URGENT_CARE'),
    ('SPEC_ADDICTION_MEDICINE'),
    ('SPEC_AESTHETIC_MEDICINE'),
    ('SPEC_ALLERGY_IMMUNOLOGY'),
    ('SPEC_ANDROLOGY'),
    ('SPEC_ANESTHESIOLOGY'),
    ('SPEC_AUDIOLOGY'),
    ('SPEC_BARIATRIC_SURGERY'),
    ('SPEC_BREAST_SURGERY'),
    ('SPEC_CARDIOLOGY'),
    ('SPEC_CARDIOVASCULAR_SURGERY'),
    ('SPEC_CHILD_ADOLESCENT_PSYCHIATRY'),
    ('SPEC_CHIROPRACTIC'),
    ('SPEC_CLINICAL_GENETICS'),
    ('SPEC_COLORECTAL_SURGERY'),
    ('SPEC_CRITICAL_CARE_INTENSIVE_CARE'),
    ('SPEC_DENTISTRY_GENERAL'),
    ('SPEC_DERMATOLOGY'),
    ('SPEC_EMERGENCY_MEDICINE'),
    ('SPEC_ENDOCRINOLOGY'),
    ('SPEC_ENDODONTICS'),
    ('SPEC_ENT'),
    ('SPEC_FAMILY_MEDICINE'),
    ('SPEC_GASTROENTEROLOGY'),
    ('SPEC_GENERAL_PRACTICE'),
    ('SPEC_GENERAL_SURGERY'),
    ('SPEC_GENETICS_GENOMICS'),
    ('SPEC_GERIATRICS'),
    ('SPEC_GERIATRIC_PSYCHIATRY'),
    ('SPEC_HEAD_NECK_SURGERY'),
    ('SPEC_HEMATOLOGY'),
    ('SPEC_HEPATOLOGY'),
    ('SPEC_INFECTIOUS_DISEASE'),
    ('SPEC_INTERNAL_MEDICINE'),
    ('SPEC_INTERVENTIONAL_RADIOLOGY'),
    ('SPEC_MATERNAL_FETAL_MEDICINE'),
    ('SPEC_NEONATOLOGY'),
    ('SPEC_NEPHROLOGY'),
    ('SPEC_NEUROLOGY'),
    ('SPEC_NEUROPSYCHOLOGY'),
    ('SPEC_NEUROSURGERY'),
    ('SPEC_NUCLEAR_MEDICINE'),
    ('SPEC_NUTRITION_DIETETICS'),
    ('SPEC_OBGYN'),
    ('SPEC_OCCUPATIONAL_THERAPY'),
    ('SPEC_ONCOLOGY'),
    ('SPEC_OPHTHALMOLOGY'),
    ('SPEC_OPTOMETRY'),
    ('SPEC_ORAL_MAXILLOFACIAL_SURGERY'),
    ('SPEC_ORAL_SURGERY'),
    ('SPEC_ORTHODONTICS'),
    ('SPEC_ORTHOPEDIC_SURGERY'),
    ('SPEC_OSTEOPATHY'),
    ('SPEC_PAIN_MANAGEMENT'),
    ('SPEC_PALLIATIVE_CARE'),
    ('SPEC_PATHOLOGY'),
    ('SPEC_PEDIATRICS'),
    ('SPEC_PEDIATRIC_DENTISTRY'),
    ('SPEC_PEDIATRIC_OPHTHALMOLOGY'),
    ('SPEC_PEDIATRIC_SURGERY'),
    ('SPEC_PEDIATRIC_UROLOGY'),
    ('SPEC_PERIODONTICS'),
    ('SPEC_PHYSICAL_MEDICINE_REHAB'),
    ('SPEC_PHYSIOTHERAPY'),
    ('SPEC_PLASTIC_RECONSTRUCTIVE_SURGERY'),
    ('SPEC_PODIATRY'),
    ('SPEC_PROSTHODONTICS'),
    ('SPEC_PSYCHIATRY'),
    ('SPEC_PSYCHOLOGY_THERAPY'),
    ('SPEC_PULMONOLOGY'),
    ('SPEC_RADIOLOGY'),
    ('SPEC_REPRODUCTIVE_ENDOCRINOLOGY_IVF'),
    ('SPEC_RETINA_SPECIALIST'),
    ('SPEC_RHEUMATOLOGY'),
    ('SPEC_RHINOLOGY'),
    ('SPEC_SLEEP_MEDICINE'),
    ('SPEC_SPEECH_THERAPY'),
    ('SPEC_SPORTS_MEDICINE'),
    ('SPEC_THORACIC_SURGERY'),
    ('SPEC_TRANSPLANT_SURGERY'),
    ('SPEC_TRAUMA_SURGERY'),
    ('SPEC_UROGYNECOLOGY'),
    ('SPEC_UROLOGY'),
    ('SPEC_VASCULAR_SURGERY'),
    ('SPEC_WOUND_CARE'),
    ('SERV_ACUPUNCTURE'),
    ('SERV_ALLERGY_TESTING'),
    ('SERV_BARIATRIC_SURGERY'),
    ('SERV_BLOOD_TESTS_LAB_WORK'),
    ('SERV_BOTOX_FILLERS'),
    ('SERV_BREAST_AUGMENTATION_REDUCTION'),
    ('SERV_CATARACT_SURGERY'),
    ('SERV_CHEMICAL_PEEL_MICRONEEDLING'),
    ('SERV_CHEMOTHERAPY'),
    ('SERV_CLEAR_ALIGNERS_ORTHODONTICS'),
    ('SERV_COLOSCOPY'),
    ('SERV_COSMETIC_DENTISTRY'),
    ('SERV_CT_SCAN'),
    ('SERV_DENTAL_IMPLANTS'),
    ('SERV_DIALYSIS'),
    ('SERV_ENDOSCOPY'),
    ('SERV_EYELID_SURGERY'),
    ('SERV_FACELIFT_NECKLIFT'),
    ('SERV_FERTILITY_TREATMENT_IVF'),
    ('SERV_HAIR_TRANSPLANT'),
    ('SERV_HEALTH_CHECKUP_PREVENTIVE_SCREENING'),
    ('SERV_HIP_REPLACEMENT'),
    ('SERV_HOMEOPATHY'),
    ('SERV_KNEE_REPLACEMENT'),
    ('SERV_LASER_TREATMENTS'),
    ('SERV_LASIK_REFRACTIVE'),
    ('SERV_LIPOSUCTION_BODY_CONTOURING'),
    ('SERV_LIP_ENHANCEMENT'),
    ('SERV_MAMMOGRAPHY'),
    ('SERV_MRI'),
    ('SERV_NATUROPATHY'),
    ('SERV_PRP_SKIN_REJUVENATION'),
    ('SERV_PSYCHOTHERAPY_COUNSELING'),
    ('SERV_RADIOTHERAPY'),
    ('SERV_REHABILITATION_PHYSIOTHERAPY'),
    ('SERV_RHINOPLASTY'),
    ('SERV_ROOT_CANAL_TREATMENT'),
    ('SERV_SKIN_CANCER_SCREENING'),
    ('SERV_SMILE_DESIGN'),
    ('SERV_TATTOO_REMOVAL'),
    ('SERV_TCM'),
    ('SERV_TEETH_WHITENING'),
    ('SERV_TUMMY_TUCK'),
    ('SERV_ULTRASOUND'),
    ('SERV_VACCINATION_IMMUNIZATION'),
    ('SERV_VARICOSE_VEIN_TREATMENT'),
    ('SERV_XRAY')
      ) AS t(id_col)
  );

INSERT INTO public.taxonomy_aliases (entity_id, locale, alias_raw, tag)
VALUES
    ('FAC_CLINIC_MEDICAL_CENTER', 'en', 'Medical center', 'proposal_v21'),
    ('FAC_CLINIC_MEDICAL_CENTER', 'en', 'Clinic', 'proposal_v21'),
    ('FAC_EYE_CLINIC', 'en', 'Ophthalmology clinic', 'proposal_v21'),
    ('FAC_HOSPITAL_GENERAL', 'en', 'Hospital', 'proposal_v21'),
    ('FAC_LABORATORY', 'en', 'Lab', 'proposal_v21'),
    ('FAC_LABORATORY', 'en', 'Laboratory', 'proposal_v21'),
    ('FAC_LABORATORY', 'en', 'Blood test center', 'proposal_v21'),
    ('FAC_PHARMACY', 'en', 'Chemist', 'proposal_v21'),
    ('FAC_PHARMACY', 'en', 'Drugstore', 'proposal_v21'),
    ('FAC_TELEHEALTH_VIRTUAL_CARE', 'en', 'Online consultation', 'proposal_v21'),
    ('FAC_TELEHEALTH_VIRTUAL_CARE', 'en', 'Virtual consultation', 'proposal_v21'),
    ('FAC_URGENT_CARE', 'en', 'Walk-in clinic', 'proposal_v21'),
    ('FAC_URGENT_CARE', 'en', 'Urgent care', 'proposal_v21'),
    ('SPEC_ALLERGY_IMMUNOLOGY', 'en', 'Allergist', 'proposal_v21'),
    ('SPEC_ALLERGY_IMMUNOLOGY', 'en', 'Immunology', 'proposal_v21'),
    ('SPEC_ANESTHESIOLOGY', 'en', 'Anaesthesiology', 'proposal_v21'),
    ('SPEC_ANESTHESIOLOGY', 'en', 'Anesthesia', 'proposal_v21'),
    ('SPEC_CLINICAL_GENETICS', 'en', 'Genetic medicine', 'proposal_v21'),
    ('SPEC_CLINICAL_GENETICS', 'en', 'Genetics clinic', 'proposal_v21'),
    ('SPEC_COLORECTAL_SURGERY', 'en', 'Colon surgery', 'proposal_v21'),
    ('SPEC_COLORECTAL_SURGERY', 'en', 'Rectal surgery', 'proposal_v21'),
    ('SPEC_CRITICAL_CARE_INTENSIVE_CARE', 'en', 'ICU', 'proposal_v21'),
    ('SPEC_CRITICAL_CARE_INTENSIVE_CARE', 'en', 'Intensive care', 'proposal_v21'),
    ('SPEC_DENTISTRY_GENERAL', 'en', 'Dentist', 'proposal_v21'),
    ('SPEC_DENTISTRY_GENERAL', 'en', 'General dentist', 'proposal_v21'),
    ('SPEC_ENT', 'en', 'ENT', 'proposal_v21'),
    ('SPEC_ENT', 'en', 'Ear nose throat', 'proposal_v21'),
    ('SPEC_ENT', 'en', 'Otolaryngology', 'proposal_v21'),
    ('SPEC_FAMILY_MEDICINE', 'en', 'Family doctor', 'proposal_v21'),
    ('SPEC_FAMILY_MEDICINE', 'en', 'Primary care', 'proposal_v21'),
    ('SPEC_GENERAL_PRACTICE', 'en', 'GP', 'proposal_v21'),
    ('SPEC_GENERAL_PRACTICE', 'en', 'Primary care', 'proposal_v21'),
    ('SPEC_HEPATOLOGY', 'en', 'Liver specialist', 'proposal_v21'),
    ('SPEC_INTERNAL_MEDICINE', 'en', 'Internist', 'proposal_v21'),
    ('SPEC_OBGYN', 'en', 'OB-GYN', 'proposal_v21'),
    ('SPEC_OBGYN', 'en', 'Gynecology', 'proposal_v21'),
    ('SPEC_OBGYN', 'en', 'Obstetrics', 'proposal_v21'),
    ('SPEC_ORAL_MAXILLOFACIAL_SURGERY', 'en', 'Jaw surgery', 'proposal_v21'),
    ('SPEC_ORAL_MAXILLOFACIAL_SURGERY', 'en', 'Maxillofacial surgery', 'proposal_v21'),
    ('SPEC_PHYSICAL_MEDICINE_REHAB', 'en', 'PM&R', 'proposal_v21'),
    ('SPEC_PHYSICAL_MEDICINE_REHAB', 'en', 'Physical medicine and rehabilitation', 'proposal_v21'),
    ('SPEC_PHYSIOTHERAPY', 'en', 'Physical therapy', 'proposal_v21'),
    ('SPEC_PHYSIOTHERAPY', 'en', 'Physiotherapy', 'proposal_v21'),
    ('SPEC_PHYSIOTHERAPY', 'en', 'Physio', 'proposal_v21'),
    ('SPEC_PSYCHIATRY', 'en', 'Psychiatrist', 'proposal_v21'),
    ('SPEC_PSYCHOLOGY_THERAPY', 'en', 'Psychology', 'proposal_v21'),
    ('SPEC_PSYCHOLOGY_THERAPY', 'en', 'Therapy', 'proposal_v21'),
    ('SPEC_PSYCHOLOGY_THERAPY', 'en', 'Psychotherapist', 'proposal_v21'),
    ('SPEC_PSYCHOLOGY_THERAPY', 'en', 'Counseling', 'proposal_v21'),
    ('SPEC_REPRODUCTIVE_ENDOCRINOLOGY_IVF', 'en', 'IVF specialist', 'proposal_v21'),
    ('SPEC_REPRODUCTIVE_ENDOCRINOLOGY_IVF', 'en', 'Fertility specialist', 'proposal_v21'),
    ('SPEC_REPRODUCTIVE_ENDOCRINOLOGY_IVF', 'en', 'Reproductive endocrinology', 'proposal_v21'),
    ('SPEC_RETINA_SPECIALIST', 'en', 'Retina', 'proposal_v21'),
    ('SPEC_RETINA_SPECIALIST', 'en', 'Retinal specialist', 'proposal_v21'),
    ('SPEC_RHINOLOGY', 'en', 'Sinus specialist', 'proposal_v21'),
    ('SPEC_RHINOLOGY', 'en', 'Nasal specialist', 'proposal_v21'),
    ('SPEC_SPORTS_MEDICINE', 'en', 'Sports injury', 'proposal_v21'),
    ('SPEC_UROGYNECOLOGY', 'en', 'Pelvic floor specialist', 'proposal_v21'),
    ('SERV_ACUPUNCTURE', 'en', 'Acupuncture treatment', 'proposal_v21'),
    ('SERV_ALLERGY_TESTING', 'en', 'Allergy test', 'proposal_v21'),
    ('SERV_BARIATRIC_SURGERY', 'en', 'Weight loss surgery', 'proposal_v21'),
    ('SERV_BLOOD_TESTS_LAB_WORK', 'en', 'Blood test', 'proposal_v21'),
    ('SERV_BLOOD_TESTS_LAB_WORK', 'en', 'Lab work', 'proposal_v21'),
    ('SERV_BLOOD_TESTS_LAB_WORK', 'en', 'Lab tests', 'proposal_v21'),
    ('SERV_BOTOX_FILLERS', 'en', 'Botox', 'proposal_v21'),
    ('SERV_BOTOX_FILLERS', 'en', 'Fillers', 'proposal_v21'),
    ('SERV_BOTOX_FILLERS', 'en', 'Injectables', 'proposal_v21'),
    ('SERV_BREAST_AUGMENTATION_REDUCTION', 'en', 'Breast augmentation', 'proposal_v21'),
    ('SERV_BREAST_AUGMENTATION_REDUCTION', 'en', 'Breast reduction', 'proposal_v21'),
    ('SERV_CATARACT_SURGERY', 'en', 'Cataract operation', 'proposal_v21'),
    ('SERV_CHEMICAL_PEEL_MICRONEEDLING', 'en', 'Chemical peel', 'proposal_v21'),
    ('SERV_CHEMICAL_PEEL_MICRONEEDLING', 'en', 'Microneedling', 'proposal_v21'),
    ('SERV_CHEMOTHERAPY', 'en', 'Chemo', 'proposal_v21'),
    ('SERV_CLEAR_ALIGNERS_ORTHODONTICS', 'en', 'Braces', 'proposal_v21'),
    ('SERV_CLEAR_ALIGNERS_ORTHODONTICS', 'en', 'Aligners', 'proposal_v21'),
    ('SERV_CLEAR_ALIGNERS_ORTHODONTICS', 'en', 'Invisalign', 'proposal_v21'),
    ('SERV_COSMETIC_DENTISTRY', 'en', 'Cosmetic dentist', 'proposal_v21'),
    ('SERV_COSMETIC_DENTISTRY', 'en', 'Smile makeover', 'proposal_v21'),
    ('SERV_CT_SCAN', 'en', 'CAT scan', 'proposal_v21'),
    ('SERV_DENTAL_IMPLANTS', 'en', 'Tooth implants', 'proposal_v21'),
    ('SERV_EYELID_SURGERY', 'en', 'Blepharoplasty', 'proposal_v21'),
    ('SERV_FACELIFT_NECKLIFT', 'en', 'Facelift', 'proposal_v21'),
    ('SERV_FACELIFT_NECKLIFT', 'en', 'Neck lift', 'proposal_v21'),
    ('SERV_FERTILITY_TREATMENT_IVF', 'en', 'IVF', 'proposal_v21'),
    ('SERV_FERTILITY_TREATMENT_IVF', 'en', 'Fertility treatment', 'proposal_v21'),
    ('SERV_HAIR_TRANSPLANT', 'en', 'Hair restoration', 'proposal_v21'),
    ('SERV_HEALTH_CHECKUP_PREVENTIVE_SCREENING', 'en', 'Check-up', 'proposal_v21'),
    ('SERV_HEALTH_CHECKUP_PREVENTIVE_SCREENING', 'en', 'Health screening', 'proposal_v21'),
    ('SERV_HEALTH_CHECKUP_PREVENTIVE_SCREENING', 'en', 'Preventive screening', 'proposal_v21'),
    ('SERV_HOMEOPATHY', 'en', 'Homeopathic care', 'proposal_v21'),
    ('SERV_LASER_TREATMENTS', 'en', 'Laser treatment', 'proposal_v21'),
    ('SERV_LASER_TREATMENTS', 'en', 'Laser therapy', 'proposal_v21'),
    ('SERV_LASIK_REFRACTIVE', 'en', 'LASIK', 'proposal_v21'),
    ('SERV_LASIK_REFRACTIVE', 'en', 'Refractive surgery', 'proposal_v21'),
    ('SERV_LIPOSUCTION_BODY_CONTOURING', 'en', 'Liposuction', 'proposal_v21'),
    ('SERV_LIPOSUCTION_BODY_CONTOURING', 'en', 'Body contouring', 'proposal_v21'),
    ('SERV_LIP_ENHANCEMENT', 'en', 'Lip filler', 'proposal_v21'),
    ('SERV_LIP_ENHANCEMENT', 'en', 'Lip augmentation', 'proposal_v21'),
    ('SERV_MAMMOGRAPHY', 'en', 'Mammogram', 'proposal_v21'),
    ('SERV_MRI', 'en', 'Magnetic resonance imaging', 'proposal_v21'),
    ('SERV_NATUROPATHY', 'en', 'Naturopathic care', 'proposal_v21'),
    ('SERV_PRP_SKIN_REJUVENATION', 'en', 'PRP', 'proposal_v21'),
    ('SERV_PRP_SKIN_REJUVENATION', 'en', 'Skin rejuvenation', 'proposal_v21'),
    ('SERV_PSYCHOTHERAPY_COUNSELING', 'en', 'Therapy', 'proposal_v21'),
    ('SERV_PSYCHOTHERAPY_COUNSELING', 'en', 'Counseling', 'proposal_v21'),
    ('SERV_RADIOTHERAPY', 'en', 'Radiation therapy', 'proposal_v21'),
    ('SERV_REHABILITATION_PHYSIOTHERAPY', 'en', 'Rehab', 'proposal_v21'),
    ('SERV_REHABILITATION_PHYSIOTHERAPY', 'en', 'Physiotherapy', 'proposal_v21'),
    ('SERV_REHABILITATION_PHYSIOTHERAPY', 'en', 'Physical therapy', 'proposal_v21'),
    ('SERV_RHINOPLASTY', 'en', 'Nose job', 'proposal_v21'),
    ('SERV_RHINOPLASTY', 'en', 'Nose surgery', 'proposal_v21'),
    ('SERV_ROOT_CANAL_TREATMENT', 'en', 'Root canal', 'proposal_v21'),
    ('SERV_SMILE_DESIGN', 'en', 'Smile design', 'proposal_v21'),
    ('SERV_SMILE_DESIGN', 'en', 'Dental aesthetics', 'proposal_v21'),
    ('SERV_TATTOO_REMOVAL', 'en', 'Laser tattoo removal', 'proposal_v21'),
    ('SERV_TCM', 'en', 'TCM', 'proposal_v21'),
    ('SERV_TCM', 'en', 'Chinese medicine', 'proposal_v21'),
    ('SERV_TEETH_WHITENING', 'en', 'Tooth whitening', 'proposal_v21'),
    ('SERV_TUMMY_TUCK', 'en', 'Abdominoplasty', 'proposal_v21'),
    ('SERV_ULTRASOUND', 'en', 'Sonography', 'proposal_v21'),
    ('SERV_VACCINATION_IMMUNIZATION', 'en', 'Vaccination', 'proposal_v21'),
    ('SERV_VACCINATION_IMMUNIZATION', 'en', 'Immunization', 'proposal_v21'),
    ('SERV_VACCINATION_IMMUNIZATION', 'en', 'Vaccine', 'proposal_v21'),
    ('SERV_XRAY', 'en', 'Xray', 'proposal_v21')
ON CONFLICT (entity_id, locale, alias_normalized) DO UPDATE
SET
    tag = EXCLUDED.tag,
    updated_at = now();

INSERT INTO public.taxonomy_v21_aliases (canonical_id, locale, alias_raw, source_tag)
VALUES
    ('FAC_CLINIC_MEDICAL_CENTER', 'en', 'Medical center', 'proposal_v21'),
    ('FAC_CLINIC_MEDICAL_CENTER', 'en', 'Clinic', 'proposal_v21'),
    ('FAC_EYE_CLINIC', 'en', 'Ophthalmology clinic', 'proposal_v21'),
    ('FAC_HOSPITAL_GENERAL', 'en', 'Hospital', 'proposal_v21'),
    ('FAC_LABORATORY', 'en', 'Lab', 'proposal_v21'),
    ('FAC_LABORATORY', 'en', 'Laboratory', 'proposal_v21'),
    ('FAC_LABORATORY', 'en', 'Blood test center', 'proposal_v21'),
    ('FAC_PHARMACY', 'en', 'Chemist', 'proposal_v21'),
    ('FAC_PHARMACY', 'en', 'Drugstore', 'proposal_v21'),
    ('FAC_TELEHEALTH_VIRTUAL_CARE', 'en', 'Online consultation', 'proposal_v21'),
    ('FAC_TELEHEALTH_VIRTUAL_CARE', 'en', 'Virtual consultation', 'proposal_v21'),
    ('FAC_URGENT_CARE', 'en', 'Walk-in clinic', 'proposal_v21'),
    ('FAC_URGENT_CARE', 'en', 'Urgent care', 'proposal_v21'),
    ('SPEC_ALLERGY_IMMUNOLOGY', 'en', 'Allergist', 'proposal_v21'),
    ('SPEC_ALLERGY_IMMUNOLOGY', 'en', 'Immunology', 'proposal_v21'),
    ('SPEC_ANESTHESIOLOGY', 'en', 'Anaesthesiology', 'proposal_v21'),
    ('SPEC_ANESTHESIOLOGY', 'en', 'Anesthesia', 'proposal_v21'),
    ('SPEC_CLINICAL_GENETICS', 'en', 'Genetic medicine', 'proposal_v21'),
    ('SPEC_CLINICAL_GENETICS', 'en', 'Genetics clinic', 'proposal_v21'),
    ('SPEC_COLORECTAL_SURGERY', 'en', 'Colon surgery', 'proposal_v21'),
    ('SPEC_COLORECTAL_SURGERY', 'en', 'Rectal surgery', 'proposal_v21'),
    ('SPEC_CRITICAL_CARE_INTENSIVE_CARE', 'en', 'ICU', 'proposal_v21'),
    ('SPEC_CRITICAL_CARE_INTENSIVE_CARE', 'en', 'Intensive care', 'proposal_v21'),
    ('SPEC_DENTISTRY_GENERAL', 'en', 'Dentist', 'proposal_v21'),
    ('SPEC_DENTISTRY_GENERAL', 'en', 'General dentist', 'proposal_v21'),
    ('SPEC_ENT', 'en', 'ENT', 'proposal_v21'),
    ('SPEC_ENT', 'en', 'Ear nose throat', 'proposal_v21'),
    ('SPEC_ENT', 'en', 'Otolaryngology', 'proposal_v21'),
    ('SPEC_FAMILY_MEDICINE', 'en', 'Family doctor', 'proposal_v21'),
    ('SPEC_FAMILY_MEDICINE', 'en', 'Primary care', 'proposal_v21'),
    ('SPEC_GENERAL_PRACTICE', 'en', 'GP', 'proposal_v21'),
    ('SPEC_GENERAL_PRACTICE', 'en', 'Primary care', 'proposal_v21'),
    ('SPEC_HEPATOLOGY', 'en', 'Liver specialist', 'proposal_v21'),
    ('SPEC_INTERNAL_MEDICINE', 'en', 'Internist', 'proposal_v21'),
    ('SPEC_OBGYN', 'en', 'OB-GYN', 'proposal_v21'),
    ('SPEC_OBGYN', 'en', 'Gynecology', 'proposal_v21'),
    ('SPEC_OBGYN', 'en', 'Obstetrics', 'proposal_v21'),
    ('SPEC_ORAL_MAXILLOFACIAL_SURGERY', 'en', 'Jaw surgery', 'proposal_v21'),
    ('SPEC_ORAL_MAXILLOFACIAL_SURGERY', 'en', 'Maxillofacial surgery', 'proposal_v21'),
    ('SPEC_PHYSICAL_MEDICINE_REHAB', 'en', 'PM&R', 'proposal_v21'),
    ('SPEC_PHYSICAL_MEDICINE_REHAB', 'en', 'Physical medicine and rehabilitation', 'proposal_v21'),
    ('SPEC_PHYSIOTHERAPY', 'en', 'Physical therapy', 'proposal_v21'),
    ('SPEC_PHYSIOTHERAPY', 'en', 'Physiotherapy', 'proposal_v21'),
    ('SPEC_PHYSIOTHERAPY', 'en', 'Physio', 'proposal_v21'),
    ('SPEC_PSYCHIATRY', 'en', 'Psychiatrist', 'proposal_v21'),
    ('SPEC_PSYCHOLOGY_THERAPY', 'en', 'Psychology', 'proposal_v21'),
    ('SPEC_PSYCHOLOGY_THERAPY', 'en', 'Therapy', 'proposal_v21'),
    ('SPEC_PSYCHOLOGY_THERAPY', 'en', 'Psychotherapist', 'proposal_v21'),
    ('SPEC_PSYCHOLOGY_THERAPY', 'en', 'Counseling', 'proposal_v21'),
    ('SPEC_REPRODUCTIVE_ENDOCRINOLOGY_IVF', 'en', 'IVF specialist', 'proposal_v21'),
    ('SPEC_REPRODUCTIVE_ENDOCRINOLOGY_IVF', 'en', 'Fertility specialist', 'proposal_v21'),
    ('SPEC_REPRODUCTIVE_ENDOCRINOLOGY_IVF', 'en', 'Reproductive endocrinology', 'proposal_v21'),
    ('SPEC_RETINA_SPECIALIST', 'en', 'Retina', 'proposal_v21'),
    ('SPEC_RETINA_SPECIALIST', 'en', 'Retinal specialist', 'proposal_v21'),
    ('SPEC_RHINOLOGY', 'en', 'Sinus specialist', 'proposal_v21'),
    ('SPEC_RHINOLOGY', 'en', 'Nasal specialist', 'proposal_v21'),
    ('SPEC_SPORTS_MEDICINE', 'en', 'Sports injury', 'proposal_v21'),
    ('SPEC_UROGYNECOLOGY', 'en', 'Pelvic floor specialist', 'proposal_v21'),
    ('SERV_ACUPUNCTURE', 'en', 'Acupuncture treatment', 'proposal_v21'),
    ('SERV_ALLERGY_TESTING', 'en', 'Allergy test', 'proposal_v21'),
    ('SERV_BARIATRIC_SURGERY', 'en', 'Weight loss surgery', 'proposal_v21'),
    ('SERV_BLOOD_TESTS_LAB_WORK', 'en', 'Blood test', 'proposal_v21'),
    ('SERV_BLOOD_TESTS_LAB_WORK', 'en', 'Lab work', 'proposal_v21'),
    ('SERV_BLOOD_TESTS_LAB_WORK', 'en', 'Lab tests', 'proposal_v21'),
    ('SERV_BOTOX_FILLERS', 'en', 'Botox', 'proposal_v21'),
    ('SERV_BOTOX_FILLERS', 'en', 'Fillers', 'proposal_v21'),
    ('SERV_BOTOX_FILLERS', 'en', 'Injectables', 'proposal_v21'),
    ('SERV_BREAST_AUGMENTATION_REDUCTION', 'en', 'Breast augmentation', 'proposal_v21'),
    ('SERV_BREAST_AUGMENTATION_REDUCTION', 'en', 'Breast reduction', 'proposal_v21'),
    ('SERV_CATARACT_SURGERY', 'en', 'Cataract operation', 'proposal_v21'),
    ('SERV_CHEMICAL_PEEL_MICRONEEDLING', 'en', 'Chemical peel', 'proposal_v21'),
    ('SERV_CHEMICAL_PEEL_MICRONEEDLING', 'en', 'Microneedling', 'proposal_v21'),
    ('SERV_CHEMOTHERAPY', 'en', 'Chemo', 'proposal_v21'),
    ('SERV_CLEAR_ALIGNERS_ORTHODONTICS', 'en', 'Braces', 'proposal_v21'),
    ('SERV_CLEAR_ALIGNERS_ORTHODONTICS', 'en', 'Aligners', 'proposal_v21'),
    ('SERV_CLEAR_ALIGNERS_ORTHODONTICS', 'en', 'Invisalign', 'proposal_v21'),
    ('SERV_COSMETIC_DENTISTRY', 'en', 'Cosmetic dentist', 'proposal_v21'),
    ('SERV_COSMETIC_DENTISTRY', 'en', 'Smile makeover', 'proposal_v21'),
    ('SERV_CT_SCAN', 'en', 'CAT scan', 'proposal_v21'),
    ('SERV_DENTAL_IMPLANTS', 'en', 'Tooth implants', 'proposal_v21'),
    ('SERV_EYELID_SURGERY', 'en', 'Blepharoplasty', 'proposal_v21'),
    ('SERV_FACELIFT_NECKLIFT', 'en', 'Facelift', 'proposal_v21'),
    ('SERV_FACELIFT_NECKLIFT', 'en', 'Neck lift', 'proposal_v21'),
    ('SERV_FERTILITY_TREATMENT_IVF', 'en', 'IVF', 'proposal_v21'),
    ('SERV_FERTILITY_TREATMENT_IVF', 'en', 'Fertility treatment', 'proposal_v21'),
    ('SERV_HAIR_TRANSPLANT', 'en', 'Hair restoration', 'proposal_v21'),
    ('SERV_HEALTH_CHECKUP_PREVENTIVE_SCREENING', 'en', 'Check-up', 'proposal_v21'),
    ('SERV_HEALTH_CHECKUP_PREVENTIVE_SCREENING', 'en', 'Health screening', 'proposal_v21'),
    ('SERV_HEALTH_CHECKUP_PREVENTIVE_SCREENING', 'en', 'Preventive screening', 'proposal_v21'),
    ('SERV_HOMEOPATHY', 'en', 'Homeopathic care', 'proposal_v21'),
    ('SERV_LASER_TREATMENTS', 'en', 'Laser treatment', 'proposal_v21'),
    ('SERV_LASER_TREATMENTS', 'en', 'Laser therapy', 'proposal_v21'),
    ('SERV_LASIK_REFRACTIVE', 'en', 'LASIK', 'proposal_v21'),
    ('SERV_LASIK_REFRACTIVE', 'en', 'Refractive surgery', 'proposal_v21'),
    ('SERV_LIPOSUCTION_BODY_CONTOURING', 'en', 'Liposuction', 'proposal_v21'),
    ('SERV_LIPOSUCTION_BODY_CONTOURING', 'en', 'Body contouring', 'proposal_v21'),
    ('SERV_LIP_ENHANCEMENT', 'en', 'Lip filler', 'proposal_v21'),
    ('SERV_LIP_ENHANCEMENT', 'en', 'Lip augmentation', 'proposal_v21'),
    ('SERV_MAMMOGRAPHY', 'en', 'Mammogram', 'proposal_v21'),
    ('SERV_MRI', 'en', 'Magnetic resonance imaging', 'proposal_v21'),
    ('SERV_NATUROPATHY', 'en', 'Naturopathic care', 'proposal_v21'),
    ('SERV_PRP_SKIN_REJUVENATION', 'en', 'PRP', 'proposal_v21'),
    ('SERV_PRP_SKIN_REJUVENATION', 'en', 'Skin rejuvenation', 'proposal_v21'),
    ('SERV_PSYCHOTHERAPY_COUNSELING', 'en', 'Therapy', 'proposal_v21'),
    ('SERV_PSYCHOTHERAPY_COUNSELING', 'en', 'Counseling', 'proposal_v21'),
    ('SERV_RADIOTHERAPY', 'en', 'Radiation therapy', 'proposal_v21'),
    ('SERV_REHABILITATION_PHYSIOTHERAPY', 'en', 'Rehab', 'proposal_v21'),
    ('SERV_REHABILITATION_PHYSIOTHERAPY', 'en', 'Physiotherapy', 'proposal_v21'),
    ('SERV_REHABILITATION_PHYSIOTHERAPY', 'en', 'Physical therapy', 'proposal_v21'),
    ('SERV_RHINOPLASTY', 'en', 'Nose job', 'proposal_v21'),
    ('SERV_RHINOPLASTY', 'en', 'Nose surgery', 'proposal_v21'),
    ('SERV_ROOT_CANAL_TREATMENT', 'en', 'Root canal', 'proposal_v21'),
    ('SERV_SMILE_DESIGN', 'en', 'Smile design', 'proposal_v21'),
    ('SERV_SMILE_DESIGN', 'en', 'Dental aesthetics', 'proposal_v21'),
    ('SERV_TATTOO_REMOVAL', 'en', 'Laser tattoo removal', 'proposal_v21'),
    ('SERV_TCM', 'en', 'TCM', 'proposal_v21'),
    ('SERV_TCM', 'en', 'Chinese medicine', 'proposal_v21'),
    ('SERV_TEETH_WHITENING', 'en', 'Tooth whitening', 'proposal_v21'),
    ('SERV_TUMMY_TUCK', 'en', 'Abdominoplasty', 'proposal_v21'),
    ('SERV_ULTRASOUND', 'en', 'Sonography', 'proposal_v21'),
    ('SERV_VACCINATION_IMMUNIZATION', 'en', 'Vaccination', 'proposal_v21'),
    ('SERV_VACCINATION_IMMUNIZATION', 'en', 'Immunization', 'proposal_v21'),
    ('SERV_VACCINATION_IMMUNIZATION', 'en', 'Vaccine', 'proposal_v21'),
    ('SERV_XRAY', 'en', 'Xray', 'proposal_v21')
ON CONFLICT (canonical_id, locale, alias_normalized) DO UPDATE
SET
    source_tag = EXCLUDED.source_tag,
    updated_at = now();

-- The placeholder branch is only used when alias_values is empty; remove it immediately.
DELETE FROM public.taxonomy_aliases WHERE entity_id = 'SPEC_PLACEHOLDER';
DELETE FROM public.taxonomy_v21_aliases WHERE canonical_id = 'SPEC_PLACEHOLDER';

-- Concern domain alignment.
DELETE FROM public.taxonomy_symptom_links;
DELETE FROM public.taxonomy_symptom_concerns
WHERE canonical_id NOT IN (
    SELECT id_col FROM (VALUES
        ('CONCERN_AESTHETIC_COSMETIC'),
    ('CONCERN_BONES_JOINTS_MUSCLES_SPORTS'),
    ('CONCERN_CANCER_TUMOR_CARE'),
    ('CONCERN_CHILDRENS_HEALTH'),
    ('CONCERN_DIGESTION_LIVER'),
    ('CONCERN_EARS_NOSE_THROAT'),
    ('CONCERN_EMERGENCY_URGENT'),
    ('CONCERN_EYES_VISION'),
    ('CONCERN_HEAD_BRAIN_NERVES'),
    ('CONCERN_HEART_CIRCULATION'),
    ('CONCERN_KIDNEY_URINARY'),
    ('CONCERN_LUNGS_BREATHING'),
    ('CONCERN_MENS_HEALTH'),
    ('CONCERN_MENTAL_HEALTH_WELLBEING'),
    ('CONCERN_PAIN_REHAB_MOBILITY'),
    ('CONCERN_PREVENTIVE_TESTS_SCREENING'),
    ('CONCERN_SKIN_HAIR_NAILS'),
    ('CONCERN_TEETH_JAW_MOUTH'),
    ('CONCERN_WOMENS_HEALTH_FERTILITY')
    ) AS t(id_col)
);

INSERT INTO public.taxonomy_symptom_concerns (canonical_id, display_english_label, launch_scope, urgency_flag, care_setting_hint)
VALUES
    ('CONCERN_AESTHETIC_COSMETIC', 'Aesthetic & Cosmetic Care', 'v2_1_core', 'low', NULL),
    ('CONCERN_BONES_JOINTS_MUSCLES_SPORTS', 'Bones, Joints, Muscles & Sports Injuries', 'v2_1_core', 'low', NULL),
    ('CONCERN_CANCER_TUMOR_CARE', 'Cancer & Tumor Care', 'v2_1_core', 'medium', NULL),
    ('CONCERN_CHILDRENS_HEALTH', 'Children’s Health', 'v2_1_core', 'medium', NULL),
    ('CONCERN_DIGESTION_LIVER', 'Digestion & Liver', 'v2_1_core', 'medium', NULL),
    ('CONCERN_EARS_NOSE_THROAT', 'Ears, Nose & Throat', 'v2_1_core', 'low', NULL),
    ('CONCERN_EMERGENCY_URGENT', 'Emergency & Urgent Symptoms', 'v2_1_core', 'medium', NULL),
    ('CONCERN_EYES_VISION', 'Eyes & Vision', 'v2_1_core', 'medium', NULL),
    ('CONCERN_HEAD_BRAIN_NERVES', 'Head, Brain & Nerves', 'v2_1_core', 'medium', NULL),
    ('CONCERN_HEART_CIRCULATION', 'Heart & Circulation', 'v2_1_core', 'medium', NULL),
    ('CONCERN_KIDNEY_URINARY', 'Kidneys, Bladder & Urinary Health', 'v2_1_core', 'medium', NULL),
    ('CONCERN_LUNGS_BREATHING', 'Lungs & Breathing', 'v2_1_core', 'medium', NULL),
    ('CONCERN_MENS_HEALTH', 'Men’s Health', 'v2_1_core', 'low', NULL),
    ('CONCERN_MENTAL_HEALTH_WELLBEING', 'Mental Health & Well-being', 'v2_1_core', 'medium', NULL),
    ('CONCERN_PAIN_REHAB_MOBILITY', 'Pain, Rehabilitation & Mobility', 'v2_1_core', 'low', NULL),
    ('CONCERN_PREVENTIVE_TESTS_SCREENING', 'Preventive Checks, Tests & Imaging', 'v2_1_core', 'low', NULL),
    ('CONCERN_SKIN_HAIR_NAILS', 'Skin, Hair & Nails', 'v2_1_core', 'medium', NULL),
    ('CONCERN_TEETH_JAW_MOUTH', 'Teeth, Jaw & Mouth', 'v2_1_core', 'medium', NULL),
    ('CONCERN_WOMENS_HEALTH_FERTILITY', 'Women’s Health, Pregnancy & Fertility', 'v2_1_core', 'medium', NULL)
ON CONFLICT (canonical_id) DO UPDATE
SET
    display_english_label = EXCLUDED.display_english_label,
    launch_scope = EXCLUDED.launch_scope,
    urgency_flag = EXCLUDED.urgency_flag,
    care_setting_hint = EXCLUDED.care_setting_hint,
    updated_at = now();

INSERT INTO public.taxonomy_symptom_links (symptom_id, linked_canonical_id, linked_entity_type, link_weight)
VALUES
    ('CONCERN_AESTHETIC_COSMETIC', 'SPEC_AESTHETIC_MEDICINE', 'specialty', 1.0),
    ('CONCERN_AESTHETIC_COSMETIC', 'SPEC_DERMATOLOGY', 'specialty', 1.0),
    ('CONCERN_AESTHETIC_COSMETIC', 'SPEC_PLASTIC_RECONSTRUCTIVE_SURGERY', 'specialty', 1.0),
    ('CONCERN_AESTHETIC_COSMETIC', 'SPEC_DENTISTRY_GENERAL', 'specialty', 1.0),
    ('CONCERN_AESTHETIC_COSMETIC', 'SERV_BOTOX_FILLERS', 'treatment_procedure', 1.0),
    ('CONCERN_AESTHETIC_COSMETIC', 'SERV_PRP_SKIN_REJUVENATION', 'treatment_procedure', 1.0),
    ('CONCERN_AESTHETIC_COSMETIC', 'SERV_RHINOPLASTY', 'treatment_procedure', 1.0),
    ('CONCERN_AESTHETIC_COSMETIC', 'SERV_HAIR_TRANSPLANT', 'treatment_procedure', 1.0),
    ('CONCERN_AESTHETIC_COSMETIC', 'SERV_SMILE_DESIGN', 'treatment_procedure', 1.0),
    ('CONCERN_AESTHETIC_COSMETIC', 'FAC_AESTHETIC_COSMETIC_CLINIC', 'facility_type', 1.0),
    ('CONCERN_AESTHETIC_COSMETIC', 'FAC_SPECIALTY_CLINIC', 'facility_type', 1.0),
    ('CONCERN_AESTHETIC_COSMETIC', 'FAC_CLINIC_MEDICAL_CENTER', 'facility_type', 1.0),
    ('CONCERN_BONES_JOINTS_MUSCLES_SPORTS', 'SPEC_ORTHOPEDIC_SURGERY', 'specialty', 1.0),
    ('CONCERN_BONES_JOINTS_MUSCLES_SPORTS', 'SPEC_SPORTS_MEDICINE', 'specialty', 1.0),
    ('CONCERN_BONES_JOINTS_MUSCLES_SPORTS', 'SPEC_PHYSICAL_MEDICINE_REHAB', 'specialty', 1.0),
    ('CONCERN_BONES_JOINTS_MUSCLES_SPORTS', 'SPEC_PHYSIOTHERAPY', 'specialty', 1.0),
    ('CONCERN_BONES_JOINTS_MUSCLES_SPORTS', 'SERV_REHABILITATION_PHYSIOTHERAPY', 'treatment_procedure', 1.0),
    ('CONCERN_BONES_JOINTS_MUSCLES_SPORTS', 'SERV_KNEE_REPLACEMENT', 'treatment_procedure', 1.0),
    ('CONCERN_BONES_JOINTS_MUSCLES_SPORTS', 'SERV_HIP_REPLACEMENT', 'treatment_procedure', 1.0),
    ('CONCERN_BONES_JOINTS_MUSCLES_SPORTS', 'FAC_REHABILITATION_PHYSIOTHERAPY_CENTER', 'facility_type', 1.0),
    ('CONCERN_BONES_JOINTS_MUSCLES_SPORTS', 'FAC_SPECIALTY_CLINIC', 'facility_type', 1.0),
    ('CONCERN_BONES_JOINTS_MUSCLES_SPORTS', 'FAC_HOSPITAL_GENERAL', 'facility_type', 1.0),
    ('CONCERN_CANCER_TUMOR_CARE', 'SPEC_ONCOLOGY', 'specialty', 1.0),
    ('CONCERN_CANCER_TUMOR_CARE', 'SPEC_HEMATOLOGY', 'specialty', 1.0),
    ('CONCERN_CANCER_TUMOR_CARE', 'SPEC_RADIOLOGY', 'specialty', 1.0),
    ('CONCERN_CANCER_TUMOR_CARE', 'SPEC_GENERAL_SURGERY', 'specialty', 1.0),
    ('CONCERN_CANCER_TUMOR_CARE', 'SERV_CHEMOTHERAPY', 'treatment_procedure', 1.0),
    ('CONCERN_CANCER_TUMOR_CARE', 'SERV_RADIOTHERAPY', 'treatment_procedure', 1.0),
    ('CONCERN_CANCER_TUMOR_CARE', 'SERV_CT_SCAN', 'treatment_procedure', 1.0),
    ('CONCERN_CANCER_TUMOR_CARE', 'SERV_MRI', 'treatment_procedure', 1.0),
    ('CONCERN_CANCER_TUMOR_CARE', 'FAC_ONCOLOGY_CENTER', 'facility_type', 1.0),
    ('CONCERN_CANCER_TUMOR_CARE', 'FAC_HOSPITAL_GENERAL', 'facility_type', 1.0),
    ('CONCERN_CANCER_TUMOR_CARE', 'FAC_IMAGING_DIAGNOSTIC_CENTER', 'facility_type', 1.0),
    ('CONCERN_CHILDRENS_HEALTH', 'SPEC_PEDIATRICS', 'specialty', 1.0),
    ('CONCERN_CHILDRENS_HEALTH', 'SPEC_NEONATOLOGY', 'specialty', 1.0),
    ('CONCERN_CHILDRENS_HEALTH', 'SPEC_PEDIATRIC_SURGERY', 'specialty', 1.0),
    ('CONCERN_CHILDRENS_HEALTH', 'SPEC_CHILD_ADOLESCENT_PSYCHIATRY', 'specialty', 1.0),
    ('CONCERN_CHILDRENS_HEALTH', 'SERV_VACCINATION_IMMUNIZATION', 'treatment_procedure', 1.0),
    ('CONCERN_CHILDRENS_HEALTH', 'SERV_HEALTH_CHECKUP_PREVENTIVE_SCREENING', 'treatment_procedure', 1.0),
    ('CONCERN_CHILDRENS_HEALTH', 'FAC_PEDIATRIC_CLINIC', 'facility_type', 1.0),
    ('CONCERN_CHILDRENS_HEALTH', 'FAC_HOSPITAL_GENERAL', 'facility_type', 1.0),
    ('CONCERN_CHILDRENS_HEALTH', 'FAC_URGENT_CARE', 'facility_type', 1.0),
    ('CONCERN_DIGESTION_LIVER', 'SPEC_GASTROENTEROLOGY', 'specialty', 1.0),
    ('CONCERN_DIGESTION_LIVER', 'SPEC_HEPATOLOGY', 'specialty', 1.0),
    ('CONCERN_DIGESTION_LIVER', 'SPEC_GENERAL_PRACTICE', 'specialty', 1.0),
    ('CONCERN_DIGESTION_LIVER', 'SPEC_INTERNAL_MEDICINE', 'specialty', 1.0),
    ('CONCERN_DIGESTION_LIVER', 'SERV_ENDOSCOPY', 'treatment_procedure', 1.0),
    ('CONCERN_DIGESTION_LIVER', 'SERV_COLOSCOPY', 'treatment_procedure', 1.0),
    ('CONCERN_DIGESTION_LIVER', 'FAC_SPECIALTY_CLINIC', 'facility_type', 1.0),
    ('CONCERN_DIGESTION_LIVER', 'FAC_HOSPITAL_GENERAL', 'facility_type', 1.0),
    ('CONCERN_DIGESTION_LIVER', 'FAC_CLINIC_MEDICAL_CENTER', 'facility_type', 1.0),
    ('CONCERN_EARS_NOSE_THROAT', 'SPEC_ENT', 'specialty', 1.0),
    ('CONCERN_EARS_NOSE_THROAT', 'SPEC_AUDIOLOGY', 'specialty', 1.0),
    ('CONCERN_EARS_NOSE_THROAT', 'SPEC_RHINOLOGY', 'specialty', 1.0),
    ('CONCERN_EARS_NOSE_THROAT', 'SPEC_HEAD_NECK_SURGERY', 'specialty', 1.0),
    ('CONCERN_EARS_NOSE_THROAT', 'SERV_RHINOPLASTY', 'treatment_procedure', 1.0),
    ('CONCERN_EARS_NOSE_THROAT', 'FAC_SPECIALTY_CLINIC', 'facility_type', 1.0),
    ('CONCERN_EARS_NOSE_THROAT', 'FAC_EYE_CLINIC', 'facility_type', 1.0),
    ('CONCERN_EARS_NOSE_THROAT', 'FAC_CLINIC_MEDICAL_CENTER', 'facility_type', 1.0),
    ('CONCERN_EMERGENCY_URGENT', 'SPEC_EMERGENCY_MEDICINE', 'specialty', 1.0),
    ('CONCERN_EMERGENCY_URGENT', 'SPEC_CRITICAL_CARE_INTENSIVE_CARE', 'specialty', 1.0),
    ('CONCERN_EMERGENCY_URGENT', 'SPEC_CARDIOLOGY', 'specialty', 1.0),
    ('CONCERN_EMERGENCY_URGENT', 'SPEC_NEUROLOGY', 'specialty', 1.0),
    ('CONCERN_EMERGENCY_URGENT', 'FAC_URGENT_CARE', 'facility_type', 1.0),
    ('CONCERN_EMERGENCY_URGENT', 'FAC_HOSPITAL_GENERAL', 'facility_type', 1.0),
    ('CONCERN_EYES_VISION', 'SPEC_OPHTHALMOLOGY', 'specialty', 1.0),
    ('CONCERN_EYES_VISION', 'SPEC_RETINA_SPECIALIST', 'specialty', 1.0),
    ('CONCERN_EYES_VISION', 'SPEC_OPTOMETRY', 'specialty', 1.0),
    ('CONCERN_EYES_VISION', 'SPEC_PEDIATRIC_OPHTHALMOLOGY', 'specialty', 1.0),
    ('CONCERN_EYES_VISION', 'SERV_LASIK_REFRACTIVE', 'treatment_procedure', 1.0),
    ('CONCERN_EYES_VISION', 'SERV_CATARACT_SURGERY', 'treatment_procedure', 1.0),
    ('CONCERN_EYES_VISION', 'FAC_EYE_CLINIC', 'facility_type', 1.0),
    ('CONCERN_EYES_VISION', 'FAC_SPECIALTY_CLINIC', 'facility_type', 1.0),
    ('CONCERN_EYES_VISION', 'FAC_HOSPITAL_GENERAL', 'facility_type', 1.0),
    ('CONCERN_HEAD_BRAIN_NERVES', 'SPEC_NEUROLOGY', 'specialty', 1.0),
    ('CONCERN_HEAD_BRAIN_NERVES', 'SPEC_NEUROSURGERY', 'specialty', 1.0),
    ('CONCERN_HEAD_BRAIN_NERVES', 'SPEC_INTERNAL_MEDICINE', 'specialty', 1.0),
    ('CONCERN_HEAD_BRAIN_NERVES', 'SPEC_GENERAL_PRACTICE', 'specialty', 1.0),
    ('CONCERN_HEAD_BRAIN_NERVES', 'SERV_MRI', 'treatment_procedure', 1.0),
    ('CONCERN_HEAD_BRAIN_NERVES', 'SERV_CT_SCAN', 'treatment_procedure', 1.0),
    ('CONCERN_HEAD_BRAIN_NERVES', 'FAC_HOSPITAL_GENERAL', 'facility_type', 1.0),
    ('CONCERN_HEAD_BRAIN_NERVES', 'FAC_SPECIALTY_CLINIC', 'facility_type', 1.0),
    ('CONCERN_HEAD_BRAIN_NERVES', 'FAC_IMAGING_DIAGNOSTIC_CENTER', 'facility_type', 1.0),
    ('CONCERN_HEART_CIRCULATION', 'SPEC_CARDIOLOGY', 'specialty', 1.0),
    ('CONCERN_HEART_CIRCULATION', 'SPEC_VASCULAR_SURGERY', 'specialty', 1.0),
    ('CONCERN_HEART_CIRCULATION', 'SPEC_CARDIOVASCULAR_SURGERY', 'specialty', 1.0),
    ('CONCERN_HEART_CIRCULATION', 'SPEC_INTERNAL_MEDICINE', 'specialty', 1.0),
    ('CONCERN_HEART_CIRCULATION', 'SERV_HEALTH_CHECKUP_PREVENTIVE_SCREENING', 'treatment_procedure', 1.0),
    ('CONCERN_HEART_CIRCULATION', 'SERV_CT_SCAN', 'treatment_procedure', 1.0),
    ('CONCERN_HEART_CIRCULATION', 'FAC_HOSPITAL_GENERAL', 'facility_type', 1.0),
    ('CONCERN_HEART_CIRCULATION', 'FAC_SPECIALTY_CLINIC', 'facility_type', 1.0),
    ('CONCERN_HEART_CIRCULATION', 'FAC_IMAGING_DIAGNOSTIC_CENTER', 'facility_type', 1.0),
    ('CONCERN_KIDNEY_URINARY', 'SPEC_NEPHROLOGY', 'specialty', 1.0),
    ('CONCERN_KIDNEY_URINARY', 'SPEC_UROLOGY', 'specialty', 1.0),
    ('CONCERN_KIDNEY_URINARY', 'SPEC_PEDIATRIC_UROLOGY', 'specialty', 1.0),
    ('CONCERN_KIDNEY_URINARY', 'SPEC_UROGYNECOLOGY', 'specialty', 1.0),
    ('CONCERN_KIDNEY_URINARY', 'SERV_DIALYSIS', 'treatment_procedure', 1.0),
    ('CONCERN_KIDNEY_URINARY', 'SERV_ULTRASOUND', 'treatment_procedure', 1.0),
    ('CONCERN_KIDNEY_URINARY', 'FAC_DIALYSIS_CENTER', 'facility_type', 1.0),
    ('CONCERN_KIDNEY_URINARY', 'FAC_SPECIALTY_CLINIC', 'facility_type', 1.0),
    ('CONCERN_KIDNEY_URINARY', 'FAC_HOSPITAL_GENERAL', 'facility_type', 1.0),
    ('CONCERN_LUNGS_BREATHING', 'SPEC_PULMONOLOGY', 'specialty', 1.0),
    ('CONCERN_LUNGS_BREATHING', 'SPEC_ALLERGY_IMMUNOLOGY', 'specialty', 1.0),
    ('CONCERN_LUNGS_BREATHING', 'SPEC_SLEEP_MEDICINE', 'specialty', 1.0),
    ('CONCERN_LUNGS_BREATHING', 'SPEC_EMERGENCY_MEDICINE', 'specialty', 1.0),
    ('CONCERN_LUNGS_BREATHING', 'SERV_XRAY', 'treatment_procedure', 1.0),
    ('CONCERN_LUNGS_BREATHING', 'SERV_CT_SCAN', 'treatment_procedure', 1.0),
    ('CONCERN_LUNGS_BREATHING', 'FAC_HOSPITAL_GENERAL', 'facility_type', 1.0),
    ('CONCERN_LUNGS_BREATHING', 'FAC_SPECIALTY_CLINIC', 'facility_type', 1.0),
    ('CONCERN_LUNGS_BREATHING', 'FAC_IMAGING_DIAGNOSTIC_CENTER', 'facility_type', 1.0),
    ('CONCERN_MENS_HEALTH', 'SPEC_ANDROLOGY', 'specialty', 1.0),
    ('CONCERN_MENS_HEALTH', 'SPEC_UROLOGY', 'specialty', 1.0),
    ('CONCERN_MENS_HEALTH', 'SPEC_REPRODUCTIVE_ENDOCRINOLOGY_IVF', 'specialty', 1.0),
    ('CONCERN_MENS_HEALTH', 'SERV_FERTILITY_TREATMENT_IVF', 'treatment_procedure', 1.0),
    ('CONCERN_MENS_HEALTH', 'FAC_SPECIALTY_CLINIC', 'facility_type', 1.0),
    ('CONCERN_MENS_HEALTH', 'FAC_FERTILITY_IVF_CLINIC', 'facility_type', 1.0),
    ('CONCERN_MENS_HEALTH', 'FAC_CLINIC_MEDICAL_CENTER', 'facility_type', 1.0),
    ('CONCERN_MENTAL_HEALTH_WELLBEING', 'SPEC_PSYCHIATRY', 'specialty', 1.0),
    ('CONCERN_MENTAL_HEALTH_WELLBEING', 'SPEC_PSYCHOLOGY_THERAPY', 'specialty', 1.0),
    ('CONCERN_MENTAL_HEALTH_WELLBEING', 'SPEC_CHILD_ADOLESCENT_PSYCHIATRY', 'specialty', 1.0),
    ('CONCERN_MENTAL_HEALTH_WELLBEING', 'SPEC_GERIATRIC_PSYCHIATRY', 'specialty', 1.0),
    ('CONCERN_MENTAL_HEALTH_WELLBEING', 'SERV_PSYCHOTHERAPY_COUNSELING', 'treatment_procedure', 1.0),
    ('CONCERN_MENTAL_HEALTH_WELLBEING', 'FAC_MENTAL_HEALTH_CLINIC', 'facility_type', 1.0),
    ('CONCERN_MENTAL_HEALTH_WELLBEING', 'FAC_CLINIC_MEDICAL_CENTER', 'facility_type', 1.0),
    ('CONCERN_MENTAL_HEALTH_WELLBEING', 'FAC_TELEHEALTH_VIRTUAL_CARE', 'facility_type', 1.0),
    ('CONCERN_PAIN_REHAB_MOBILITY', 'SPEC_PAIN_MANAGEMENT', 'specialty', 1.0),
    ('CONCERN_PAIN_REHAB_MOBILITY', 'SPEC_PHYSICAL_MEDICINE_REHAB', 'specialty', 1.0),
    ('CONCERN_PAIN_REHAB_MOBILITY', 'SPEC_PHYSIOTHERAPY', 'specialty', 1.0),
    ('CONCERN_PAIN_REHAB_MOBILITY', 'SPEC_SPORTS_MEDICINE', 'specialty', 1.0),
    ('CONCERN_PAIN_REHAB_MOBILITY', 'SERV_REHABILITATION_PHYSIOTHERAPY', 'treatment_procedure', 1.0),
    ('CONCERN_PAIN_REHAB_MOBILITY', 'FAC_REHABILITATION_PHYSIOTHERAPY_CENTER', 'facility_type', 1.0),
    ('CONCERN_PAIN_REHAB_MOBILITY', 'FAC_SPECIALTY_CLINIC', 'facility_type', 1.0),
    ('CONCERN_PAIN_REHAB_MOBILITY', 'FAC_TELEHEALTH_VIRTUAL_CARE', 'facility_type', 1.0),
    ('CONCERN_PREVENTIVE_TESTS_SCREENING', 'SPEC_GENERAL_PRACTICE', 'specialty', 1.0),
    ('CONCERN_PREVENTIVE_TESTS_SCREENING', 'SPEC_INTERNAL_MEDICINE', 'specialty', 1.0),
    ('CONCERN_PREVENTIVE_TESTS_SCREENING', 'SPEC_RADIOLOGY', 'specialty', 1.0),
    ('CONCERN_PREVENTIVE_TESTS_SCREENING', 'SPEC_PATHOLOGY', 'specialty', 1.0),
    ('CONCERN_PREVENTIVE_TESTS_SCREENING', 'SERV_BLOOD_TESTS_LAB_WORK', 'treatment_procedure', 1.0),
    ('CONCERN_PREVENTIVE_TESTS_SCREENING', 'SERV_HEALTH_CHECKUP_PREVENTIVE_SCREENING', 'treatment_procedure', 1.0),
    ('CONCERN_PREVENTIVE_TESTS_SCREENING', 'SERV_MRI', 'treatment_procedure', 1.0),
    ('CONCERN_PREVENTIVE_TESTS_SCREENING', 'SERV_CT_SCAN', 'treatment_procedure', 1.0),
    ('CONCERN_PREVENTIVE_TESTS_SCREENING', 'SERV_ULTRASOUND', 'treatment_procedure', 1.0),
    ('CONCERN_PREVENTIVE_TESTS_SCREENING', 'SERV_XRAY', 'treatment_procedure', 1.0),
    ('CONCERN_PREVENTIVE_TESTS_SCREENING', 'SERV_MAMMOGRAPHY', 'treatment_procedure', 1.0),
    ('CONCERN_PREVENTIVE_TESTS_SCREENING', 'FAC_LABORATORY', 'facility_type', 1.0),
    ('CONCERN_PREVENTIVE_TESTS_SCREENING', 'FAC_IMAGING_DIAGNOSTIC_CENTER', 'facility_type', 1.0),
    ('CONCERN_PREVENTIVE_TESTS_SCREENING', 'FAC_CLINIC_MEDICAL_CENTER', 'facility_type', 1.0),
    ('CONCERN_SKIN_HAIR_NAILS', 'SPEC_DERMATOLOGY', 'specialty', 1.0),
    ('CONCERN_SKIN_HAIR_NAILS', 'SPEC_AESTHETIC_MEDICINE', 'specialty', 1.0),
    ('CONCERN_SKIN_HAIR_NAILS', 'SERV_HAIR_TRANSPLANT', 'treatment_procedure', 1.0),
    ('CONCERN_SKIN_HAIR_NAILS', 'SERV_PRP_SKIN_REJUVENATION', 'treatment_procedure', 1.0),
    ('CONCERN_SKIN_HAIR_NAILS', 'SERV_SKIN_CANCER_SCREENING', 'treatment_procedure', 1.0),
    ('CONCERN_SKIN_HAIR_NAILS', 'SERV_CHEMICAL_PEEL_MICRONEEDLING', 'treatment_procedure', 1.0),
    ('CONCERN_SKIN_HAIR_NAILS', 'FAC_AESTHETIC_COSMETIC_CLINIC', 'facility_type', 1.0),
    ('CONCERN_SKIN_HAIR_NAILS', 'FAC_SPECIALTY_CLINIC', 'facility_type', 1.0),
    ('CONCERN_SKIN_HAIR_NAILS', 'FAC_CLINIC_MEDICAL_CENTER', 'facility_type', 1.0),
    ('CONCERN_TEETH_JAW_MOUTH', 'SPEC_DENTISTRY_GENERAL', 'specialty', 1.0),
    ('CONCERN_TEETH_JAW_MOUTH', 'SPEC_ENDODONTICS', 'specialty', 1.0),
    ('CONCERN_TEETH_JAW_MOUTH', 'SPEC_ORTHODONTICS', 'specialty', 1.0),
    ('CONCERN_TEETH_JAW_MOUTH', 'SPEC_ORAL_SURGERY', 'specialty', 1.0),
    ('CONCERN_TEETH_JAW_MOUTH', 'SPEC_ORAL_MAXILLOFACIAL_SURGERY', 'specialty', 1.0),
    ('CONCERN_TEETH_JAW_MOUTH', 'SPEC_PROSTHODONTICS', 'specialty', 1.0),
    ('CONCERN_TEETH_JAW_MOUTH', 'SPEC_PERIODONTICS', 'specialty', 1.0),
    ('CONCERN_TEETH_JAW_MOUTH', 'SERV_DENTAL_IMPLANTS', 'treatment_procedure', 1.0),
    ('CONCERN_TEETH_JAW_MOUTH', 'SERV_ROOT_CANAL_TREATMENT', 'treatment_procedure', 1.0),
    ('CONCERN_TEETH_JAW_MOUTH', 'SERV_CLEAR_ALIGNERS_ORTHODONTICS', 'treatment_procedure', 1.0),
    ('CONCERN_TEETH_JAW_MOUTH', 'SERV_SMILE_DESIGN', 'treatment_procedure', 1.0),
    ('CONCERN_TEETH_JAW_MOUTH', 'SERV_TEETH_WHITENING', 'treatment_procedure', 1.0),
    ('CONCERN_TEETH_JAW_MOUTH', 'FAC_DENTAL_CLINIC', 'facility_type', 1.0),
    ('CONCERN_TEETH_JAW_MOUTH', 'FAC_SPECIALTY_CLINIC', 'facility_type', 1.0),
    ('CONCERN_TEETH_JAW_MOUTH', 'FAC_CLINIC_MEDICAL_CENTER', 'facility_type', 1.0),
    ('CONCERN_WOMENS_HEALTH_FERTILITY', 'SPEC_OBGYN', 'specialty', 1.0),
    ('CONCERN_WOMENS_HEALTH_FERTILITY', 'SPEC_MATERNAL_FETAL_MEDICINE', 'specialty', 1.0),
    ('CONCERN_WOMENS_HEALTH_FERTILITY', 'SPEC_REPRODUCTIVE_ENDOCRINOLOGY_IVF', 'specialty', 1.0),
    ('CONCERN_WOMENS_HEALTH_FERTILITY', 'SPEC_UROGYNECOLOGY', 'specialty', 1.0),
    ('CONCERN_WOMENS_HEALTH_FERTILITY', 'SERV_FERTILITY_TREATMENT_IVF', 'treatment_procedure', 1.0),
    ('CONCERN_WOMENS_HEALTH_FERTILITY', 'SERV_MAMMOGRAPHY', 'treatment_procedure', 1.0),
    ('CONCERN_WOMENS_HEALTH_FERTILITY', 'FAC_MATERNITY_WOMENS_HEALTH_CLINIC', 'facility_type', 1.0),
    ('CONCERN_WOMENS_HEALTH_FERTILITY', 'FAC_FERTILITY_IVF_CLINIC', 'facility_type', 1.0),
    ('CONCERN_WOMENS_HEALTH_FERTILITY', 'FAC_HOSPITAL_GENERAL', 'facility_type', 1.0),
    ('CONCERN_WOMENS_HEALTH_FERTILITY', 'FAC_SPECIALTY_CLINIC', 'facility_type', 1.0)
ON CONFLICT (symptom_id, linked_canonical_id) DO UPDATE
SET
    linked_entity_type = EXCLUDED.linked_entity_type,
    link_weight = EXCLUDED.link_weight;

COMMIT;
